#
# There is insufficient memory for the Java Runtime Environment to continue.
# Native memory allocation (malloc) failed to allocate 11004344 bytes. Error detail: Chunk::new
# Possible reasons:
#   The system is out of physical RAM or swap space
#   This process is running with CompressedOops enabled, and the Java Heap may be blocking the growth of the native heap
# Possible solutions:
#   Reduce memory load on the system
#   Increase physical memory or swap space
#   Check if swap backing store is full
#   Decrease Java heap size (-Xmx/-Xms)
#   Decrease number of Java threads
#   Decrease Java thread stack sizes (-Xss)
#   Set larger code cache with -XX:ReservedCodeCacheSize=
#   JVM is running with Unscaled Compressed Oops mode in which the Java heap is
#     placed in the first 4GB address space. The Java Heap base address is the
#     maximum limit for the native heap growth. Please use -XX:HeapBaseMinAddress
#     to set the Java Heap base and to place the Java Heap above 4GB virtual address.
# This output file may be truncated or incomplete.
#
#  Out of Memory Error (arena.cpp:186), pid=2100, tid=28988
#
# JRE version: OpenJDK Runtime Environment JBR-25.0.3+9-508.16-nomod (25.0.3+9) (build 25.0.3+9-b508.16)
# Java VM: OpenJDK 64-Bit Server VM JBR-25.0.3+9-508.16-nomod (25.0.3+9-b508.16, mixed mode, tiered, compressed oops, compact obj headers, g1 gc, windows-amd64)
# No core dump will be written. Minidumps are not enabled by default on client versions of Windows
#

---------------  S U M M A R Y ------------

Command Line: abort vfprintf -XX:ErrorFile=C:\Users\Lenovo\java_error_in_pycharm_%p.log -XX:HeapDumpPath=C:\Users\Lenovo\java_error_in_pycharm.hprof -Xms256m -Xmx2048m -XX:JbrShrinkingGcMaxHeapFreeRatio=40 -XX:ReservedCodeCacheSize=512m -XX:+HeapDumpOnOutOfMemoryError -XX:-OmitStackTraceInFastThrow -XX:CICompilerCount=2 -XX:+IgnoreUnrecognizedVMOptions -XX:+UnlockDiagnosticVMOptions -XX:TieredOldPercentage=100000 -XX:+UseCompactObjectHeaders --sun-misc-unsafe-memory-access=allow -ea -Dsun.io.useCanonCaches=false -Dsun.java2d.metal=true -Djbr.catch.SIGABRT=true -Djdk.http.auth.tunneling.disabledSchemes="" -Djdk.attach.allowAttachSelf=true -Djdk.module.illegalAccess.silent=true -Djdk.nio.maxCachedBufferSize=2097152 -Djava.util.zip.use.nio.for.zip.file.access=true -Dkotlinx.coroutines.debug=off -Dskiko.rendering.useScreenMenuBar=false -Djava.nio.file.spi.DefaultFileSystemProvider=com.intellij.platform.core.nio.fs.MultiRoutingFileSystemProvider -Dwelcome.screen.defaultWidth=1000 -Dwelcome.screen.defaultHeight=720 -Dintellij.startup.wizard.initial.timeout=1 -Xms128m -Xmx1024m -XX:ReservedCodeCacheSize=512m -XX:+IgnoreUnrecognizedVMOptions -XX:+UseG1GC -XX:SoftRefLRUPolicyMSPerMB=50 -XX:CICompilerCount=2 -XX:+HeapDumpOnOutOfMemoryError -XX:-OmitStackTraceInFastThrow -ea -Dsun.io.useCanonCaches=false -Djdk.http.auth.tunneling.disabledSchemes="" -Djdk.attach.allowAttachSelf=true -Djdk.module.illegalAccess.silent=true -Dkotlinx.coroutines.debug=off -XX:ErrorFile=$USER_HOME/java_error_in_idea_%p.log -XX:HeapDumpPath=$USER_HOME/java_error_in_idea.hprof --add-opens=java.base/jdk.internal.org.objectweb.asm=ALL-UNNAMED --add-opens=java.base/jdk.internal.org.objectweb.asm.tree=ALL-UNNAMED -javaagent:C:\Program Files\JetBrains\IntelliJ IDEA 2026.2.0.1\bin\key\ja-netfilter.jar=jetbrains -Djb.vmOptionsFile=C:\Program Files\JetBrains\IntelliJ IDEA 2026.2.0.1\bin\key\vmoptions\pycharm.vmoptions -Xbootclasspath/a:C:\Program Files\JetBrains\PyCharm 2026.2.1\lib\nio-fs.jar -Djava.system.class.loader=com.intellij.util.lang.PathClassLoader -Didea.vendor.name=JetBrains -Didea.paths.selector=PyCharm2026.2 -Djna.boot.library.path=C:\Program Files\JetBrains\PyCharm 2026.2.1/lib/jna/amd64 -Djna.nosys=true -Djna.noclasspath=true -Dpty4j.preferred.native.folder=C:\Program Files\JetBrains\PyCharm 2026.2.1/lib/pty4j -Dio.netty.allocator.type=pooled -Dskiko.library.path=C:\Program Files\JetBrains\PyCharm 2026.2.1/lib/skiko-awt-runtime-all -Dintellij.platform.runtime.repository.path=C:\Program Files\JetBrains\PyCharm 2026.2.1/modules/module-descriptors.dat -Didea.platform.prefix=Python -Dsplash=true -Daether.connector.resumeDownloads=false -Dcompose.swing.render.on.graphics=true --enable-native-access=ALL-UNNAMED --add-opens=java.base/java.io=ALL-UNNAMED --add-opens=java.base/java.lang=ALL-UNNAMED --add-opens=java.base/java.lang.ref=ALL-UNNAMED --add-opens=java.base/java.lang.reflect=ALL-UNNAMED --add-opens=java.base/java.net=ALL-UNNAMED --add-opens=java.base/java.nio=ALL-UNNAMED --add-opens=java.base/java.nio.charset=ALL-UNNAMED --add-opens=java.base/java.text=ALL-UNNAMED --add-opens=java.base/java.time=ALL-UNNAMED --add-opens=java.base/java.util=ALL-UNNAMED --add-opens=java.base/java.util.concurrent=ALL-UNNAMED --add-opens=java.base/java.util.concurrent.atomic=ALL-UNNAMED --add-opens=java.base/java.util.concurrent.locks=ALL-UNNAMED --add-opens=java.base/jdk.internal.ref=ALL-UNNAMED --add-opens=java.base/jdk.internal.vm=ALL-UNNAMED --add-opens=java.base/sun.net.dns=ALL-UNNAMED --add-opens=java.base/sun.nio=ALL-UNNAMED --add-opens=java.base/sun.nio.ch=ALL-UNNAMED --add-opens=java.base/sun.nio.fs=ALL-UNNAMED --add-opens=java.base/sun.security.ssl=ALL-UNNAMED --add-opens=java.base/sun.security.util=ALL-UNNAMED --add-opens=java.desktop/com.sun.java.swing=ALL-UNNAMED --add-opens=java.desktop/java.awt=ALL-UNNAMED --add-opens=java.desktop/java.awt.dnd.peer=ALL-UNNAMED --add-opens=java.desktop/java.awt.event=ALL-UNNAMED --add-opens=java.desktop/java.awt.font=ALL-UNNAMED --add-opens=java.desktop/java.awt.image=ALL-UNNAMED --add-opens=java.desktop/java.awt.peer=ALL-UNNAMED --add-opens=java.desktop/javax.swing=ALL-UNNAMED --add-opens=java.desktop/javax.swing.plaf.basic=ALL-UNNAMED --add-opens=java.desktop/javax.swing.text=ALL-UNNAMED --add-opens=java.desktop/javax.swing.text.html=ALL-UNNAMED --add-opens=java.desktop/javax.swing.text.html.parser=ALL-UNNAMED --add-opens=java.desktop/sun.awt=ALL-UNNAMED --add-opens=java.desktop/sun.awt.datatransfer=ALL-UNNAMED --add-opens=java.desktop/sun.awt.image=ALL-UNNAMED --add-opens=java.desktop/sun.awt.windows=ALL-UNNAMED --add-opens=java.desktop/sun.font=ALL-UNNAMED --add-opens=java.desktop/sun.java2d=ALL-UNNAMED --add-opens=java.desktop/sun.swing=ALL-UNNAMED --add-opens=java.desktop/sun.swing.text=ALL-UNNAMED --add-opens=java.management/sun.management=ALL-UNNAMED --add-opens=jdk.attach/sun.tools.attach=ALL-UNNAMED --add-opens=jdk.compiler/com.sun.tools.javac.api=ALL-UNNAMED --add-opens=jdk.internal.jvmstat/sun.jvmstat.monitor=ALL-UNNAMED --add-opens=jdk.jdi/com.sun.tools.jdi=ALL-UNNAMED -Dide.native.launcher=true -Djcef.sandbox.ptr=000002796B3816A0 -Djcef.sandbox.cefVersion=122.1.9+gd14e051+chromium-122.0.6261.94 -Dsun.jnu.encoding.sys=windows-936 com.intellij.idea.Main C:\Users\Lenovo\Desktop\项目文件\pages\4_智能推送.py

Host: AMD Ryzen 7 7730U with Radeon Graphics         , 16 cores, 13G,  Windows 11 , 64 bit Build 26100 (10.0.26100.9278)
Time: Wed Sep  2 19:19:28 2026 elapsed time: 58.385704 seconds (0d 0h 0m 58s)

---------------  T H R E A D  ---------------

Current thread (0x00000279767fbc60):  JavaThread "C2 CompilerThread0" daemon [_thread_in_native, id=28988, stack(0x000000e448e00000,0x000000e448f00000) (1024K)]


Current CompileTask:
C2:58385 49814       4       com.jetbrains.python.parsing.StatementParsing::filter (556 bytes)

Stack: [0x000000e448e00000,0x000000e448f00000]
Native frames: (J=compiled Java code, j=interpreted, Vv=VM code, C=native code)
V  [jvm.dll+0x7c2949]  (no source info available)
V  [jvm.dll+0x78c01d]  (no source info available)
V  [jvm.dll+0xa105b3]  (no source info available)
V  [jvm.dll+0xa12dac]  (no source info available)
V  [jvm.dll+0xa134a3]  (no source info available)
V  [jvm.dll+0x308106]  (no source info available)
V  [jvm.dll+0x1149e6]  (no source info available)
V  [jvm.dll+0x114d16]  (no source info available)
V  [jvm.dll+0x38dce1]  (no source info available)
V  [jvm.dll+0x6d1b39]  (no source info available)
V  [jvm.dll+0x2d2faa]  (no source info available)
V  [jvm.dll+0x2d33af]  (no source info available)
V  [jvm.dll+0x2cbb99]  (no source info available)
V  [jvm.dll+0x2c8f94]  (no source info available)
V  [jvm.dll+0x2408d0]  (no source info available)
V  [jvm.dll+0x2d9124]  (no source info available)
V  [jvm.dll+0x2d734b]  (no source info available)
V  [jvm.dll+0x49e865]  (no source info available)
V  [jvm.dll+0x9b047d]  (no source info available)
V  [jvm.dll+0x7c0e65]  (no source info available)
C  [ucrtbase.dll+0x2cd30]  (no source info available)
C  [KERNEL32.DLL+0x2ccb7]  (no source info available)
C  [ntdll.dll+0xacaec]  (no source info available)

Lock stack of current Java thread (top to bottom):


---------------  P R O C E S S  ---------------

Threads class SMR info:
_java_thread_list=0x0000027a1d6d1a10, length=193, elements={
0x000002796b3b4e90, 0x00000279767ce720, 0x00000279767d1440, 0x00000279767d35b0,
0x00000279767f10a0, 0x00000279767f3890, 0x00000279767f58c0, 0x00000279767f78f0,
0x00000279767fbc60, 0x0000027976807520, 0x000002797b722fe0, 0x0000027940213810,
0x0000027940214a50, 0x00000279401ace50, 0x00000279401ad610, 0x0000027940254340,
0x00000279401bd150, 0x00000279401ba270, 0x00000279401baa40, 0x00000279401bb210,
0x00000279401bf090, 0x00000279401c0030, 0x00000279404a1940, 0x00000279404a09a0,
0x00000279404a3880, 0x00000279404a4ff0, 0x00000279404a4050, 0x000002794086aa70,
0x000002794086ba10, 0x000002794086c9b0, 0x000002794086d180, 0x000002794118afc0,
0x000002794118cf00, 0x000002794118a020, 0x0000027941a5e640, 0x00000279429e78b0,
0x0000027943ecf110, 0x00000279443a9ba0, 0x00000279443ada20, 0x00000279443ab310,
0x00000279443af190, 0x0000027943ed3760, 0x0000027944b0afa0, 0x0000027944b0e650,
0x0000027944b0ee20, 0x0000027944b12ca0, 0x0000027944b13470, 0x0000027944b11530,
0x0000027944b10d60, 0x000002797b25ee90, 0x000002797b25cf50, 0x000002797b260600,
0x000002797b262d10, 0x000002797b264480, 0x000002797b261d70, 0x000002797b268300,
0x000002797b26a240, 0x0000027999d480f0, 0x0000027999d4a030, 0x00000279a6459170,
0x00000279a6462db0, 0x00000279a646e160, 0x00000279a6472f80, 0x00000279b666d140,
0x00000279b666aa30, 0x00000279bc1f0d80, 0x00000279bc1f1d20, 0x00000279bc1f24f0,
0x00000279bc1fc130, 0x00000279bc2026c0, 0x00000279bc1ff010, 0x00000279bc201ef0,
0x00000279bc1ff7e0, 0x00000279bc1fffb0, 0x00000279bc205d70, 0x00000279bc2074e0,
0x00000279bc204600, 0x00000279bc209bf0, 0x00000279b6672f00, 0x00000279c63865b0,
0x00000279c6382f00, 0x00000279c63836d0, 0x00000279c6386d80, 0x00000279c6387550,
0x00000279c6388cc0, 0x00000279c638a430, 0x00000279c63884f0, 0x00000279c638ac00,
0x00000279c6389c60, 0x00000279c6387d20, 0x00000279c638ea80, 0x00000279c63957e0,
0x00000279c639c540, 0x00000279c639d4e0, 0x00000279c639a600, 0x00000279c639b5a0,
0x00000279c639e480, 0x00000279c639ec50, 0x00000279c63a03c0, 0x00000279c6e49650,
0x00000279c6e4adc0, 0x00000279c6e4b590, 0x00000279c6e4d4d0, 0x00000279c6e4f410,
0x00000279c6e4e470, 0x00000279c6e522f0, 0x00000279c6e50b80, 0x00000279c6e4fbe0,
0x00000279c6e52ac0, 0x00000279c6e53a60, 0x00000279c6e551d0, 0x00000279c6e56170,
0x00000279c6e56940, 0x00000279c6e54230, 0x00000279c6e57110, 0x00000279c6e578e0,
0x00000279c6e580b0, 0x00000279c6e54a00, 0x00000279c6e5a7c0, 0x00000279c6e5b760,
0x00000279c6e5fdb0, 0x00000279c6e5f5e0, 0x00000279c6e624c0, 0x00000279c6e63460,
0x00000279c6e62c90, 0x00000279c6e60580, 0x00000279c6e63c30, 0x00000279c6e67ab0,
0x00000279c6e68280, 0x00000279c6e653a0, 0x00000279c6e68a50, 0x00000279d90acdd0,
0x00000279d90b0480, 0x00000279d90af4e0, 0x00000279d90b0c50, 0x00000279d90b3b30,
0x00000279d90b23c0, 0x00000279d90b2b90, 0x00000279d90b4300, 0x00000279d90b4ad0,
0x00000279d90b52a0, 0x00000279d90b6a10, 0x00000279d90b9120, 0x00000279d90b79b0,
0x00000279d90b5a70, 0x00000279d90bb830, 0x00000279d90bb060, 0x00000279d90b98f0,
0x00000279d90ba0c0, 0x00000279d90bdf40, 0x00000279d90bc7d0, 0x00000279d90beee0,
0x00000279d90bc000, 0x00000279d90bf6b0, 0x00000279d90c0650, 0x00000279eac4ad60,
0x00000279eac4b530, 0x00000279eac4d470, 0x00000279eac4bd00, 0x00000279eac4fb80,
0x00000279eac4c4d0, 0x00000279eac53230, 0x00000279eac50b20, 0x00000279eac53a00,
0x00000279eac50350, 0x00000279eac512f0, 0x00000279eac55170, 0x00000279eac6b100,
0x00000279eac83f70, 0x0000027a06f4e410, 0x0000027a06f159d0, 0x0000027a06f17910,
0x0000027a06f17140, 0x0000027a06f19850, 0x0000027a06f188b0, 0x0000027a06f1b790,
0x0000027a06f1d6d0, 0x0000027a06f205b0, 0x0000027a06f21550, 0x0000027a06f23c60,
0x0000027a06f23490, 0x0000027a06f22cc0, 0x0000027a06f25ba0, 0x0000027a06f26370,
0x0000027a06f282b0, 0x0000027a06f28a80, 0x0000027a06f253d0, 0x0000027a0e375180,
0x00000279d908d9d0, 0x0000027a180365a0, 0x0000027a18035dd0, 0x0000027a180624c0,
0x0000027a1805fdb0
}

Java Threads: ( => current thread )
  0x000002796b3b4e90 JavaThread "main"                              [_thread_blocked, id=25656, stack(0x000000e447e00000,0x000000e448000000) (2048K)]
  0x00000279767ce720 JavaThread "Common-Cleaner"             daemon [_thread_blocked, id=5248, stack(0x000000e448700000,0x000000e448800000) (1024K)]
  0x00000279767d1440 JavaThread "Reference Handler"          daemon [_thread_blocked, id=21428, stack(0x000000e448800000,0x000000e448900000) (1024K)]
  0x00000279767d35b0 JavaThread "Finalizer"                  daemon [_thread_blocked, id=33184, stack(0x000000e448900000,0x000000e448a00000) (1024K)]
  0x00000279767f10a0 JavaThread "Signal Dispatcher"          daemon [_thread_blocked, id=31104, stack(0x000000e448a00000,0x000000e448b00000) (1024K)]
  0x00000279767f3890 JavaThread "Attach Listener"            daemon [_thread_blocked, id=15724, stack(0x000000e448b00000,0x000000e448c00000) (1024K)]
  0x00000279767f58c0 JavaThread "Service Thread"             daemon [_thread_blocked, id=26708, stack(0x000000e448c00000,0x000000e448d00000) (1024K)]
  0x00000279767f78f0 JavaThread "Monitor Deflation Thread"   daemon [_thread_blocked, id=6472, stack(0x000000e448d00000,0x000000e448e00000) (1024K)]
=>0x00000279767fbc60 JavaThread "C2 CompilerThread0"         daemon [_thread_in_native, id=28988, stack(0x000000e448e00000,0x000000e448f00000) (1024K)]
  0x0000027976807520 JavaThread "C1 CompilerThread0"         daemon [_thread_blocked, id=31864, stack(0x000000e448f00000,0x000000e449000000) (1024K)]
  0x000002797b722fe0 JavaThread "Notification Thread"        daemon [_thread_blocked, id=33988, stack(0x000000e449600000,0x000000e449700000) (1024K)]
  0x0000027940213810 JavaThread "DefaultDispatcher-worker-1" daemon [_thread_blocked, id=23420, stack(0x000000e449700000,0x000000e449800000) (1024K)]
  0x0000027940214a50 JavaThread "DefaultDispatcher-worker-2" daemon [_thread_blocked, id=28564, stack(0x000000e449800000,0x000000e449900000) (1024K)]
  0x00000279401ace50 JavaThread "DefaultDispatcher-worker-3" daemon [_thread_blocked, id=6832, stack(0x000000e449900000,0x000000e449a00000) (1024K)]
  0x00000279401ad610 JavaThread "DefaultDispatcher-worker-4" daemon [_thread_blocked, id=16064, stack(0x000000e449a00000,0x000000e449b00000) (1024K)]
  0x0000027940254340 JavaThread "DefaultDispatcher-worker-5" daemon [_thread_blocked, id=11616, stack(0x000000e449b00000,0x000000e449c00000) (1024K)]
  0x00000279401bd150 JavaThread "DefaultDispatcher-worker-6" daemon [_thread_blocked, id=31808, stack(0x000000e449c00000,0x000000e449d00000) (1024K)]
  0x00000279401ba270 JavaThread "DefaultDispatcher-worker-7" daemon [_thread_blocked, id=20660, stack(0x000000e449d00000,0x000000e449e00000) (1024K)]
  0x00000279401baa40 JavaThread "DefaultDispatcher-worker-8" daemon [_thread_blocked, id=31992, stack(0x000000e449e00000,0x000000e449f00000) (1024K)]
  0x00000279401bb210 JavaThread "DefaultDispatcher-worker-9" daemon [_thread_blocked, id=16276, stack(0x000000e449f00000,0x000000e44a000000) (1024K)]
  0x00000279401bf090 JavaThread "DefaultDispatcher-worker-10" daemon [_thread_blocked, id=11728, stack(0x000000e44a000000,0x000000e44a100000) (1024K)]
  0x00000279401c0030 JavaThread "DefaultDispatcher-worker-11" daemon [_thread_blocked, id=27940, stack(0x000000e44a100000,0x000000e44a200000) (1024K)]
  0x00000279404a1940 JavaThread "DefaultDispatcher-worker-12" daemon [_thread_blocked, id=16368, stack(0x000000e44a200000,0x000000e44a300000) (1024K)]
  0x00000279404a09a0 JavaThread "DefaultDispatcher-worker-13" daemon [_thread_blocked, id=17496, stack(0x000000e44a300000,0x000000e44a400000) (1024K)]
  0x00000279404a3880 JavaThread "DefaultDispatcher-worker-14" daemon [_thread_blocked, id=20848, stack(0x000000e44a400000,0x000000e44a500000) (1024K)]
  0x00000279404a4ff0 JavaThread "DefaultDispatcher-worker-15" daemon [_thread_blocked, id=23228, stack(0x000000e44a500000,0x000000e44a600000) (1024K)]
  0x00000279404a4050 JavaThread "DefaultDispatcher-worker-16" daemon [_thread_blocked, id=34044, stack(0x000000e44a600000,0x000000e44a700000) (1024K)]
  0x000002794086aa70 JavaThread "Java2D Disposer"            daemon [_thread_blocked, id=30412, stack(0x000000e44ad00000,0x000000e44ae00000) (1024K)]
  0x000002794086ba10 JavaThread "AWT-Shutdown"                      [_thread_blocked, id=31712, stack(0x000000e44ae00000,0x000000e44af00000) (1024K)]
  0x000002794086c9b0 JavaThread "AWT-Windows"                daemon [_thread_in_native, id=7504, stack(0x000000e44af00000,0x000000e44b000000) (1024K)]
  0x000002794086d180 JavaThread "AWT-EventQueue-0"                  [_thread_in_vm, id=25540, stack(0x000000e44b000000,0x000000e44b100000) (1024K)]
  0x000002794118afc0 JavaThread "External Command Listener"  daemon [_thread_in_native, id=34068, stack(0x000000e44b100000,0x000000e44b200000) (1024K)]
  0x000002794118cf00 JavaThread "kotlinx.coroutines.DefaultExecutor" daemon [_thread_blocked, id=23516, stack(0x000000e44b200000,0x000000e44b300000) (1024K)]
  0x000002794118a020 JavaThread "Kernel event loop thread t8ju4eu4dhot1i2tlolc" daemon [_thread_blocked, id=25408, stack(0x000000e44b300000,0x000000e44b400000) (1024K)]
  0x0000027941a5e640 JavaThread "DefaultDispatcher-worker-17" daemon [_thread_blocked, id=31440, stack(0x000000e44b600000,0x000000e44b700000) (1024K)]
  0x00000279429e78b0 JavaThread "DefaultDispatcher-worker-18" daemon [_thread_blocked, id=31756, stack(0x000000e44b700000,0x000000e44b800000) (1024K)]
  0x0000027943ecf110 JavaThread "PeriodicMetricReader"       daemon [_thread_blocked, id=22452, stack(0x000000e44b800000,0x000000e44b900000) (1024K)]
  0x00000279443a9ba0 JavaThread "Coroutines Debugger Cleaner" daemon [_thread_blocked, id=25020, stack(0x000000e44ba00000,0x000000e44bb00000) (1024K)]
  0x00000279443ada20 JavaThread "DefaultDispatcher-worker-19" daemon [_thread_blocked, id=33036, stack(0x000000e44bb00000,0x000000e44bc00000) (1024K)]
  0x00000279443ab310 JavaThread "DefaultDispatcher-worker-20" daemon [_thread_blocked, id=31704, stack(0x000000e44bc00000,0x000000e44bd00000) (1024K)]
  0x00000279443af190 JavaThread "DefaultDispatcher-worker-21" daemon [_thread_blocked, id=10332, stack(0x000000e44bd00000,0x000000e44be00000) (1024K)]
  0x0000027943ed3760 JavaThread "DefaultDispatcher-worker-22" daemon [_thread_blocked, id=2452, stack(0x000000e44be00000,0x000000e44bf00000) (1024K)]
  0x0000027944b0afa0 JavaThread "Periodic tasks thread"      daemon [_thread_blocked, id=29656, stack(0x000000e44bf00000,0x000000e44c000000) (1024K)]
  0x0000027944b0e650 JavaThread "ApplicationImpl pooled thread 1"        [_thread_blocked, id=31100, stack(0x000000e44c000000,0x000000e44c100000) (1024K)]
  0x0000027944b0ee20 JavaThread "fsnotifier.exe"                    [_thread_in_native, id=31472, stack(0x000000e44c100000,0x000000e44c200000) (1024K)]
  0x0000027944b12ca0 JavaThread "BaseDataReader: output stream of fsnotifier.exe"        [_thread_in_native, id=11884, stack(0x000000e44c200000,0x000000e44c300000) (1024K)]
  0x0000027944b13470 JavaThread "BaseDataReader: error stream of fsnotifier.exe"        [_thread_in_native, id=14908, stack(0x000000e44c300000,0x000000e44c400000) (1024K)]
  0x0000027944b11530 JavaThread "DefaultDispatcher-worker-23" daemon [_thread_blocked, id=25804, stack(0x000000e44c400000,0x000000e44c500000) (1024K)]
  0x0000027944b10d60 JavaThread "DefaultDispatcher-worker-24" daemon [_thread_blocked, id=34188, stack(0x000000e44c500000,0x000000e44c600000) (1024K)]
  0x000002797b25ee90 JavaThread "I/O pool 5"                        [_thread_blocked, id=24220, stack(0x000000e44c700000,0x000000e44c800000) (1024K)]
  0x000002797b25cf50 JavaThread "JNA Cleaner"                daemon [_thread_blocked, id=17680, stack(0x000000e44c800000,0x000000e44c900000) (1024K)]
  0x000002797b260600 JavaThread "Netty Station Client 1-1"   daemon [_thread_in_native, id=33488, stack(0x000000e44c900000,0x000000e44ca00000) (1024K)]
  0x000002797b262d10 JavaThread "Netty Station Server 1-1"   daemon [_thread_in_native, id=19932, stack(0x000000e44ca00000,0x000000e44cb00000) (1024K)]
  0x000002797b264480 JavaThread "I/O pool 6"                        [_thread_blocked, id=28028, stack(0x000000e44cb00000,0x000000e44cc00000) (1024K)]
  0x000002797b261d70 JavaThread "I/O pool 7"                        [_thread_blocked, id=20332, stack(0x000000e44cc00000,0x000000e44cd00000) (1024K)]
  0x000002797b268300 JavaThread "ApplicationImpl pooled thread 2"        [_thread_blocked, id=25896, stack(0x000000e44ce00000,0x000000e44cf00000) (1024K)]
  0x000002797b26a240 JavaThread "I/O pool 8"                        [_thread_blocked, id=15784, stack(0x000000e44cf00000,0x000000e44d000000) (1024K)]
  0x0000027999d480f0 JavaThread "Netty Builtin Server 1"     daemon [_thread_in_native, id=17620, stack(0x000000e44d000000,0x000000e44d100000) (1024K)]
  0x0000027999d4a030 JavaThread "Reference Cleaner"          daemon [_thread_blocked, id=24548, stack(0x000000e44d200000,0x000000e44d300000) (1024K)]
  0x00000279a6459170 JavaThread "TimerQueue"                 daemon [_thread_blocked, id=34000, stack(0x000000e44d500000,0x000000e44d600000) (1024K)]
  0x00000279a6462db0 JavaThread "process reaper"             daemon [_thread_blocked, id=31960, stack(0x000000e447710000,0x000000e447730000) (128K)]
  0x00000279a646e160 JavaThread "ApplicationImpl pooled thread 3"        [_thread_blocked, id=8204, stack(0x000000e44d700000,0x000000e44d800000) (1024K)]
  0x00000279a6472f80 JavaThread "Jndi-Dns-address-change-listener" daemon [_thread_in_native, id=26152, stack(0x000000e44d800000,0x000000e44d900000) (1024K)]
  0x00000279b666d140 JavaThread "JobScheduler FJ pool 0/15"  daemon [_thread_blocked, id=10472, stack(0x000000e44da00000,0x000000e44db00000) (1024K)]
  0x00000279b666aa30 JavaThread "JobScheduler FJ pool 1/15"  daemon [_thread_blocked, id=25104, stack(0x000000e44db00000,0x000000e44dc00000) (1024K)]
  0x00000279bc1f0d80 JavaThread "Cleaner-0"                  daemon [_thread_blocked, id=17920, stack(0x000000e44dd00000,0x000000e44de00000) (1024K)]
  0x00000279bc1f1d20 JavaThread "DefaultDispatcher-worker-25" daemon [_thread_blocked, id=33712, stack(0x000000e44de00000,0x000000e44df00000) (1024K)]
  0x00000279bc1f24f0 JavaThread "DefaultDispatcher-worker-26" daemon [_thread_blocked, id=33204, stack(0x000000e44df00000,0x000000e44e000000) (1024K)]
  0x00000279bc1fc130 JavaThread "Netty Station Client 1-2"   daemon [_thread_in_native, id=26844, stack(0x000000e44e100000,0x000000e44e200000) (1024K)]
  0x00000279bc2026c0 JavaThread "DefaultDispatcher-worker-27" daemon [_thread_blocked, id=13152, stack(0x000000e44e200000,0x000000e44e300000) (1024K)]
  0x00000279bc1ff010 JavaThread "DefaultDispatcher-worker-28" daemon [_thread_blocked, id=29160, stack(0x000000e44e300000,0x000000e44e400000) (1024K)]
  0x00000279bc201ef0 JavaThread "DefaultDispatcher-worker-29" daemon [_thread_blocked, id=24460, stack(0x000000e44e400000,0x000000e44e500000) (1024K)]
  0x00000279bc1ff7e0 JavaThread "DefaultDispatcher-worker-30" daemon [_thread_blocked, id=11624, stack(0x000000e44e500000,0x000000e44e600000) (1024K)]
  0x00000279bc1fffb0 JavaThread "DefaultDispatcher-worker-32" daemon [_thread_blocked, id=32304, stack(0x000000e44e600000,0x000000e44e700000) (1024K)]
  0x00000279bc205d70 JavaThread "DefaultDispatcher-worker-33" daemon [_thread_blocked, id=34116, stack(0x000000e44e700000,0x000000e44e800000) (1024K)]
  0x00000279bc2074e0 JavaThread "DefaultDispatcher-worker-31" daemon [_thread_blocked, id=9000, stack(0x000000e44e800000,0x000000e44e900000) (1024K)]
  0x00000279bc204600 JavaThread "DefaultDispatcher-worker-34" daemon [_thread_blocked, id=5476, stack(0x000000e44e900000,0x000000e44ea00000) (1024K)]
  0x00000279bc209bf0 JavaThread "WriteAheadLogFlusher"       daemon [_thread_blocked, id=1180, stack(0x000000e44ea00000,0x000000e44eb00000) (1024K)]
  0x00000279b6672f00 JavaThread "DefaultDispatcher-worker-35" daemon [_thread_blocked, id=30044, stack(0x000000e44eb00000,0x000000e44ec00000) (1024K)]
  0x00000279c63865b0 JavaThread "I/O pool 9"                        [_thread_blocked, id=24952, stack(0x000000e44ec00000,0x000000e44ed00000) (1024K)]
  0x00000279c6382f00 JavaThread "I/O pool 10"                       [_thread_blocked, id=21600, stack(0x000000e44ed00000,0x000000e44ee00000) (1024K)]
  0x00000279c63836d0 JavaThread "I/O pool 11"                       [_thread_blocked, id=30068, stack(0x000000e44ee00000,0x000000e44ef00000) (1024K)]
  0x00000279c6386d80 JavaThread "I/O pool 12"                       [_thread_blocked, id=9444, stack(0x000000e44ef00000,0x000000e44f000000) (1024K)]
  0x00000279c6387550 JavaThread "I/O pool 13"                       [_thread_blocked, id=33360, stack(0x000000e44f000000,0x000000e44f100000) (1024K)]
  0x00000279c6388cc0 JavaThread "I/O pool 14"                       [_thread_blocked, id=33728, stack(0x000000e44f100000,0x000000e44f200000) (1024K)]
  0x00000279c638a430 JavaThread "I/O pool 15"                       [_thread_blocked, id=9480, stack(0x000000e44f200000,0x000000e44f300000) (1024K)]
  0x00000279c63884f0 JavaThread "I/O pool 16"                       [_thread_blocked, id=26356, stack(0x000000e44f300000,0x000000e44f400000) (1024K)]
  0x00000279c638ac00 JavaThread "I/O pool 17"                       [_thread_blocked, id=30608, stack(0x000000e44f400000,0x000000e44f500000) (1024K)]
  0x00000279c6389c60 JavaThread "I/O pool 18"                       [_thread_blocked, id=26164, stack(0x000000e44f500000,0x000000e44f600000) (1024K)]
  0x00000279c6387d20 JavaThread "I/O pool 19"                       [_thread_blocked, id=28936, stack(0x000000e44f600000,0x000000e44f700000) (1024K)]
  0x00000279c638ea80 JavaThread "I/O pool 20"                       [_thread_blocked, id=30944, stack(0x000000e44f700000,0x000000e44f800000) (1024K)]
  0x00000279c63957e0 JavaThread "DefaultDispatcher-worker-36" daemon [_thread_blocked, id=28452, stack(0x000000e44f800000,0x000000e44f900000) (1024K)]
  0x00000279c639c540 JavaThread "DefaultDispatcher-worker-37" daemon [_thread_blocked, id=9316, stack(0x000000e44f900000,0x000000e44fa00000) (1024K)]
  0x00000279c639d4e0 JavaThread "DefaultDispatcher-worker-41" daemon [_thread_blocked, id=33692, stack(0x000000e44fa00000,0x000000e44fb00000) (1024K)]
  0x00000279c639a600 JavaThread "DefaultDispatcher-worker-44" daemon [_thread_blocked, id=27320, stack(0x000000e44fb00000,0x000000e44fc00000) (1024K)]
  0x00000279c639b5a0 JavaThread "DefaultDispatcher-worker-40" daemon [_thread_blocked, id=17676, stack(0x000000e44fc00000,0x000000e44fd00000) (1024K)]
  0x00000279c639e480 JavaThread "DefaultDispatcher-worker-38" daemon [_thread_blocked, id=5452, stack(0x000000e44fd00000,0x000000e44fe00000) (1024K)]
  0x00000279c639ec50 JavaThread "DefaultDispatcher-worker-42" daemon [_thread_blocked, id=29372, stack(0x000000e44fe00000,0x000000e44ff00000) (1024K)]
  0x00000279c63a03c0 JavaThread "DefaultDispatcher-worker-43" daemon [_thread_blocked, id=27656, stack(0x000000e44ff00000,0x000000e450000000) (1024K)]
  0x00000279c6e49650 JavaThread "DefaultDispatcher-worker-39" daemon [_thread_blocked, id=5116, stack(0x000000e450000000,0x000000e450100000) (1024K)]
  0x00000279c6e4adc0 JavaThread "DefaultDispatcher-worker-45" daemon [_thread_blocked, id=11984, stack(0x000000e450100000,0x000000e450200000) (1024K)]
  0x00000279c6e4b590 JavaThread "DefaultDispatcher-worker-46" daemon [_thread_blocked, id=25748, stack(0x000000e450200000,0x000000e450300000) (1024K)]
  0x00000279c6e4d4d0 JavaThread "DefaultDispatcher-worker-47" daemon [_thread_blocked, id=33132, stack(0x000000e450300000,0x000000e450400000) (1024K)]
  0x00000279c6e4f410 JavaThread "DefaultDispatcher-worker-48" daemon [_thread_blocked, id=33684, stack(0x000000e450400000,0x000000e450500000) (1024K)]
  0x00000279c6e4e470 JavaThread "DefaultDispatcher-worker-49" daemon [_thread_blocked, id=3472, stack(0x000000e450500000,0x000000e450600000) (1024K)]
  0x00000279c6e522f0 JavaThread "DefaultDispatcher-worker-50" daemon [_thread_blocked, id=23604, stack(0x000000e450600000,0x000000e450700000) (1024K)]
  0x00000279c6e50b80 JavaThread "DefaultDispatcher-worker-51" daemon [_thread_blocked, id=10160, stack(0x000000e450700000,0x000000e450800000) (1024K)]
  0x00000279c6e4fbe0 JavaThread "DefaultDispatcher-worker-52" daemon [_thread_blocked, id=30252, stack(0x000000e450800000,0x000000e450900000) (1024K)]
  0x00000279c6e52ac0 JavaThread "DefaultDispatcher-worker-53" daemon [_thread_blocked, id=34704, stack(0x000000e450900000,0x000000e450a00000) (1024K)]
  0x00000279c6e53a60 JavaThread "DefaultDispatcher-worker-54" daemon [_thread_blocked, id=23860, stack(0x000000e450a00000,0x000000e450b00000) (1024K)]
  0x00000279c6e551d0 JavaThread "DefaultDispatcher-worker-56" daemon [_thread_blocked, id=12256, stack(0x000000e450b00000,0x000000e450c00000) (1024K)]
  0x00000279c6e56170 JavaThread "DefaultDispatcher-worker-59" daemon [_thread_blocked, id=29824, stack(0x000000e450c00000,0x000000e450d00000) (1024K)]
  0x00000279c6e56940 JavaThread "DefaultDispatcher-worker-60" daemon [_thread_blocked, id=32564, stack(0x000000e450d00000,0x000000e450e00000) (1024K)]
  0x00000279c6e54230 JavaThread "DefaultDispatcher-worker-62" daemon [_thread_blocked, id=17936, stack(0x000000e450e00000,0x000000e450f00000) (1024K)]
  0x00000279c6e57110 JavaThread "DefaultDispatcher-worker-58" daemon [_thread_blocked, id=24812, stack(0x000000e450f00000,0x000000e451000000) (1024K)]
  0x00000279c6e578e0 JavaThread "DefaultDispatcher-worker-57" daemon [_thread_blocked, id=8528, stack(0x000000e451000000,0x000000e451100000) (1024K)]
  0x00000279c6e580b0 JavaThread "DefaultDispatcher-worker-55" daemon [_thread_blocked, id=33552, stack(0x000000e451100000,0x000000e451200000) (1024K)]
  0x00000279c6e54a00 JavaThread "DefaultDispatcher-worker-61" daemon [_thread_blocked, id=6512, stack(0x000000e451200000,0x000000e451300000) (1024K)]
  0x00000279c6e5a7c0 JavaThread "DefaultDispatcher-worker-63" daemon [_thread_blocked, id=22500, stack(0x000000e451300000,0x000000e451400000) (1024K)]
  0x00000279c6e5b760 JavaThread "DefaultDispatcher-worker-64" daemon [_thread_blocked, id=22544, stack(0x000000e451400000,0x000000e451500000) (1024K)]
  0x00000279c6e5fdb0 JavaThread "DefaultDispatcher-worker-65" daemon [_thread_blocked, id=26412, stack(0x000000e451500000,0x000000e451600000) (1024K)]
  0x00000279c6e5f5e0 JavaThread "DefaultDispatcher-worker-66" daemon [_thread_blocked, id=33368, stack(0x000000e451600000,0x000000e451700000) (1024K)]
  0x00000279c6e624c0 JavaThread "DefaultDispatcher-worker-68" daemon [_thread_in_native, id=25528, stack(0x000000e451700000,0x000000e451800000) (1024K)]
  0x00000279c6e63460 JavaThread "DefaultDispatcher-worker-69" daemon [_thread_blocked, id=20560, stack(0x000000e451800000,0x000000e451900000) (1024K)]
  0x00000279c6e62c90 JavaThread "DefaultDispatcher-worker-67" daemon [_thread_blocked, id=15616, stack(0x000000e451900000,0x000000e451a00000) (1024K)]
  0x00000279c6e60580 JavaThread "DefaultDispatcher-worker-70" daemon [_thread_blocked, id=32676, stack(0x000000e451a00000,0x000000e451b00000) (1024K)]
  0x00000279c6e63c30 JavaThread "DefaultDispatcher-worker-71" daemon [_thread_blocked, id=27228, stack(0x000000e451b00000,0x000000e451c00000) (1024K)]
  0x00000279c6e67ab0 JavaThread "DefaultDispatcher-worker-72" daemon [_thread_blocked, id=11572, stack(0x000000e451c00000,0x000000e451d00000) (1024K)]
  0x00000279c6e68280 JavaThread "DefaultDispatcher-worker-73" daemon [_thread_blocked, id=27780, stack(0x000000e451d00000,0x000000e451e00000) (1024K)]
  0x00000279c6e653a0 JavaThread "DefaultDispatcher-worker-74" daemon [_thread_blocked, id=29504, stack(0x000000e451e00000,0x000000e451f00000) (1024K)]
  0x00000279c6e68a50 JavaThread "DefaultDispatcher-worker-75" daemon [_thread_blocked, id=21964, stack(0x000000e451f00000,0x000000e452000000) (1024K)]
  0x00000279d90acdd0 JavaThread "DefaultDispatcher-worker-77" daemon [_thread_blocked, id=23356, stack(0x000000e452000000,0x000000e452100000) (1024K)]
  0x00000279d90b0480 JavaThread "DefaultDispatcher-worker-78" daemon [_thread_blocked, id=26748, stack(0x000000e452100000,0x000000e452200000) (1024K)]
  0x00000279d90af4e0 JavaThread "DefaultDispatcher-worker-76" daemon [_thread_blocked, id=33848, stack(0x000000e452200000,0x000000e452300000) (1024K)]
  0x00000279d90b0c50 JavaThread "DefaultDispatcher-worker-79" daemon [_thread_blocked, id=6368, stack(0x000000e452300000,0x000000e452400000) (1024K)]
  0x00000279d90b3b30 JavaThread "DefaultDispatcher-worker-82" daemon [_thread_blocked, id=23108, stack(0x000000e452400000,0x000000e452500000) (1024K)]
  0x00000279d90b23c0 JavaThread "DefaultDispatcher-worker-83" daemon [_thread_blocked, id=22604, stack(0x000000e452500000,0x000000e452600000) (1024K)]
  0x00000279d90b2b90 JavaThread "DefaultDispatcher-worker-81" daemon [_thread_blocked, id=31048, stack(0x000000e452600000,0x000000e452700000) (1024K)]
  0x00000279d90b4300 JavaThread "DefaultDispatcher-worker-80" daemon [_thread_blocked, id=30032, stack(0x000000e452700000,0x000000e452800000) (1024K)]
  0x00000279d90b4ad0 JavaThread "DefaultDispatcher-worker-84" daemon [_thread_blocked, id=31444, stack(0x000000e452800000,0x000000e452900000) (1024K)]
  0x00000279d90b52a0 JavaThread "DefaultDispatcher-worker-85" daemon [_thread_blocked, id=32300, stack(0x000000e452900000,0x000000e452a00000) (1024K)]
  0x00000279d90b6a10 JavaThread "DefaultDispatcher-worker-86" daemon [_thread_blocked, id=13572, stack(0x000000e452a00000,0x000000e452b00000) (1024K)]
  0x00000279d90b9120 JavaThread "DefaultDispatcher-worker-87" daemon [_thread_blocked, id=33804, stack(0x000000e452b00000,0x000000e452c00000) (1024K)]
  0x00000279d90b79b0 JavaThread "DefaultDispatcher-worker-88" daemon [_thread_blocked, id=33384, stack(0x000000e452c00000,0x000000e452d00000) (1024K)]
  0x00000279d90b5a70 JavaThread "DefaultDispatcher-worker-89" daemon [_thread_blocked, id=26132, stack(0x000000e452d00000,0x000000e452e00000) (1024K)]
  0x00000279d90bb830 JavaThread "DefaultDispatcher-worker-90" daemon [_thread_blocked, id=22236, stack(0x000000e452e00000,0x000000e452f00000) (1024K)]
  0x00000279d90bb060 JavaThread "DefaultDispatcher-worker-91" daemon [_thread_blocked, id=22920, stack(0x000000e452f00000,0x000000e453000000) (1024K)]
  0x00000279d90b98f0 JavaThread "DefaultDispatcher-worker-92" daemon [_thread_blocked, id=25784, stack(0x000000e453000000,0x000000e453100000) (1024K)]
  0x00000279d90ba0c0 JavaThread "DefaultDispatcher-worker-95" daemon [_thread_blocked, id=29816, stack(0x000000e453100000,0x000000e453200000) (1024K)]
  0x00000279d90bdf40 JavaThread "DefaultDispatcher-worker-94" daemon [_thread_blocked, id=4800, stack(0x000000e453200000,0x000000e453300000) (1024K)]
  0x00000279d90bc7d0 JavaThread "DefaultDispatcher-worker-93" daemon [_thread_blocked, id=21048, stack(0x000000e453300000,0x000000e453400000) (1024K)]
  0x00000279d90beee0 JavaThread "DefaultDispatcher-worker-96" daemon [_thread_blocked, id=19436, stack(0x000000e453400000,0x000000e453500000) (1024K)]
  0x00000279d90bc000 JavaThread "DefaultDispatcher-worker-97" daemon [_thread_blocked, id=27344, stack(0x000000e453500000,0x000000e453600000) (1024K)]
  0x00000279d90bf6b0 JavaThread "DefaultDispatcher-worker-98" daemon [_thread_blocked, id=32900, stack(0x000000e453600000,0x000000e453700000) (1024K)]
  0x00000279d90c0650 JavaThread "DefaultDispatcher-worker-99" daemon [_thread_blocked, id=26740, stack(0x000000e453700000,0x000000e453800000) (1024K)]
  0x00000279eac4ad60 JavaThread "ApplicationImpl pooled thread 4"        [_thread_blocked, id=32484, stack(0x000000e44dc00000,0x000000e44dd00000) (1024K)]
  0x00000279eac4b530 JavaThread "ApplicationImpl pooled thread 5"        [_thread_blocked, id=30112, stack(0x000000e453800000,0x000000e453900000) (1024K)]
  0x00000279eac4d470 JavaThread "ApplicationImpl pooled thread 6"        [_thread_blocked, id=2276, stack(0x000000e453900000,0x000000e453a00000) (1024K)]
  0x00000279eac4bd00 JavaThread "ApplicationImpl pooled thread 7"        [_thread_blocked, id=21668, stack(0x000000e453a00000,0x000000e453b00000) (1024K)]
  0x00000279eac4fb80 JavaThread "ApplicationImpl pooled thread 8"        [_thread_blocked, id=17884, stack(0x000000e453b00000,0x000000e453c00000) (1024K)]
  0x00000279eac4c4d0 JavaThread "ApplicationImpl pooled thread 9"        [_thread_blocked, id=14560, stack(0x000000e453c00000,0x000000e453d00000) (1024K)]
  0x00000279eac53230 JavaThread "ApplicationImpl pooled thread 10"        [_thread_blocked, id=31656, stack(0x000000e453d00000,0x000000e453e00000) (1024K)]
  0x00000279eac50b20 JavaThread "ApplicationImpl pooled thread 11"        [_thread_blocked, id=23192, stack(0x000000e453e00000,0x000000e453f00000) (1024K)]
  0x00000279eac53a00 JavaThread "ApplicationImpl pooled thread 12"        [_thread_blocked, id=34588, stack(0x000000e453f00000,0x000000e454000000) (1024K)]
  0x00000279eac50350 JavaThread "ApplicationImpl pooled thread 13"        [_thread_blocked, id=30716, stack(0x000000e454000000,0x000000e454100000) (1024K)]
  0x00000279eac512f0 JavaThread "ApplicationImpl pooled thread 14"        [_thread_blocked, id=32184, stack(0x000000e454100000,0x000000e454200000) (1024K)]
  0x00000279eac55170 JavaThread "ApplicationImpl pooled thread 15"        [_thread_blocked, id=33968, stack(0x000000e454200000,0x000000e454300000) (1024K)]
  0x00000279eac6b100 JavaThread "I/O pool 21"                       [_thread_blocked, id=30556, stack(0x000000e454300000,0x000000e454400000) (1024K)]
  0x00000279eac83f70 JavaThread "CefBgThread"                daemon [_thread_blocked, id=16232, stack(0x000000e44c600000,0x000000e44c700000) (1024K)]
  0x0000027a06f4e410 JavaThread "CefHandlers-listening"             [_thread_in_native, id=5660, stack(0x000000e44e000000,0x000000e44e100000) (1024K)]
  0x0000027a06f159d0 JavaThread "CefHandlers-execution-0"    daemon [_thread_in_native, id=27112, stack(0x000000e454500000,0x000000e454600000) (1024K)]
  0x0000027a06f17910 JavaThread "CefHandlers-execution-1"    daemon [_thread_in_native, id=17428, stack(0x000000e454600000,0x000000e454700000) (1024K)]
  0x0000027a06f17140 JavaThread "CefHandlers-execution-2"    daemon [_thread_in_native, id=24116, stack(0x000000e454700000,0x000000e454800000) (1024K)]
  0x0000027a06f19850 JavaThread "JobScheduler FJ pool 2/15"  daemon [_thread_blocked, id=30612, stack(0x000000e454800000,0x000000e454900000) (1024K)]
  0x0000027a06f188b0 JavaThread "JobScheduler FJ pool 3/15"  daemon [_thread_blocked, id=33120, stack(0x000000e454900000,0x000000e454a00000) (1024K)]
  0x0000027a06f1b790 JavaThread "JobScheduler FJ pool 4/15"  daemon [_thread_blocked, id=24172, stack(0x000000e454a00000,0x000000e454b00000) (1024K)]
  0x0000027a06f1d6d0 JavaThread "JobScheduler FJ pool 5/15"  daemon [_thread_blocked, id=11880, stack(0x000000e454b00000,0x000000e454c00000) (1024K)]
  0x0000027a06f205b0 JavaThread "JVMResponsivenessMonitor"   daemon [_thread_blocked, id=9604, stack(0x000000e454400000,0x000000e454500000) (1024K)]
  0x0000027a06f21550 JavaThread "JobScheduler FJ pool 6/15"  daemon [_thread_blocked, id=32796, stack(0x000000e454c00000,0x000000e454d00000) (1024K)]
  0x0000027a06f23c60 JavaThread "JobScheduler FJ pool 9/15"  daemon [_thread_blocked, id=33252, stack(0x000000e454d00000,0x000000e454e00000) (1024K)]
  0x0000027a06f23490 JavaThread "JobScheduler FJ pool 8/15"  daemon [_thread_blocked, id=31160, stack(0x000000e454e00000,0x000000e454f00000) (1024K)]
  0x0000027a06f22cc0 JavaThread "JobScheduler FJ pool 7/15"  daemon [_thread_blocked, id=22764, stack(0x000000e454f00000,0x000000e455000000) (1024K)]
  0x0000027a06f25ba0 JavaThread "JobScheduler FJ pool 10/15" daemon [_thread_blocked, id=29680, stack(0x000000e455000000,0x000000e455100000) (1024K)]
  0x0000027a06f26370 JavaThread "JobScheduler FJ pool 11/15" daemon [_thread_blocked, id=25756, stack(0x000000e455100000,0x000000e455200000) (1024K)]
  0x0000027a06f282b0 JavaThread "JobScheduler FJ pool 12/15" daemon [_thread_blocked, id=30552, stack(0x000000e455200000,0x000000e455300000) (1024K)]
  0x0000027a06f28a80 JavaThread "JobScheduler FJ pool 13/15" daemon [_thread_blocked, id=34432, stack(0x000000e455300000,0x000000e455400000) (1024K)]
  0x0000027a06f253d0 JavaThread "JobScheduler FJ pool 14/15" daemon [_thread_blocked, id=18348, stack(0x000000e455400000,0x000000e455500000) (1024K)]
  0x0000027a0e375180 JavaThread "Windows Shell integration"  daemon [_thread_blocked, id=29456, stack(0x000000e455500000,0x000000e455600000) (1024K)]
  0x00000279d908d9d0 JavaThread "ApplicationImpl pooled thread 16"        [_thread_blocked, id=9252, stack(0x000000e455700000,0x000000e455800000) (1024K)]
  0x0000027a180365a0 JavaThread "ApplicationImpl pooled thread 17"        [_thread_blocked, id=31004, stack(0x000000e455800000,0x000000e455900000) (1024K)]
  0x0000027a18035dd0 JavaThread "process reaper"             daemon [_thread_blocked, id=22112, stack(0x000000e447730000,0x000000e447750000) (128K)]
  0x0000027a180624c0 JavaThread "Netty Builtin Server 2"     daemon [_thread_in_native, id=34780, stack(0x000000e455900000,0x000000e455a00000) (1024K)]
  0x0000027a1805fdb0 JavaThread "Netty Builtin Server 3"     daemon [_thread_in_native, id=29720, stack(0x000000e455a00000,0x000000e455b00000) (1024K)]
Total: 193

Other Threads:
  0x00000279717b27f0 VMThread "VM Thread"                           [id=31620, stack(0x000000e448600000,0x000000e448700000) (1024K)]
  0x000002797166b360 WatcherThread "VM Periodic Task Thread"        [id=26896, stack(0x000000e448500000,0x000000e448600000) (1024K)]
  0x00000279715e0fe0 WorkerThread "GC Thread#0"                     [id=11208, stack(0x000000e448000000,0x000000e448100000) (1024K)]
  0x00000279717b3930 WorkerThread "GC Thread#1"                     [id=26324, stack(0x000000e449000000,0x000000e449100000) (1024K)]
  0x00000279717b4620 WorkerThread "GC Thread#2"                     [id=28192, stack(0x000000e449100000,0x000000e449200000) (1024K)]
  0x00000279717b2c40 WorkerThread "GC Thread#3"                     [id=8880, stack(0x000000e449200000,0x000000e449300000) (1024K)]
  0x00000279717b3090 WorkerThread "GC Thread#4"                     [id=26808, stack(0x000000e449300000,0x000000e449400000) (1024K)]
  0x00000279717b41d0 WorkerThread "GC Thread#5"                     [id=8688, stack(0x000000e449400000,0x000000e449500000) (1024K)]
  0x00000279717b0e10 WorkerThread "GC Thread#6"                     [id=32912, stack(0x000000e449500000,0x000000e449600000) (1024K)]
  0x00000279400dc7a0 WorkerThread "GC Thread#7"                     [id=32204, stack(0x000000e44a700000,0x000000e44a800000) (1024K)]
  0x00000279400e0ca0 WorkerThread "GC Thread#8"                     [id=32964, stack(0x000000e44a800000,0x000000e44a900000) (1024K)]
  0x00000279400dd490 WorkerThread "GC Thread#9"                     [id=18684, stack(0x000000e44a900000,0x000000e44aa00000) (1024K)]
  0x00000279400ddd30 WorkerThread "GC Thread#10"                    [id=27852, stack(0x000000e44aa00000,0x000000e44ab00000) (1024K)]
  0x0000027941156f50 WorkerThread "GC Thread#11"                    [id=10900, stack(0x000000e44b400000,0x000000e44b500000) (1024K)]
  0x000002794115b000 WorkerThread "GC Thread#12"                    [id=6216, stack(0x000000e44b500000,0x000000e44b600000) (1024K)]
  0x00000279715ee0b0 ConcurrentGCThread "G1 Main Marker"            [id=21868, stack(0x000000e448100000,0x000000e448200000) (1024K)]
  0x00000279715f0450 WorkerThread "G1 Conc#0"                       [id=15752, stack(0x000000e448200000,0x000000e448300000) (1024K)]
  0x00000279400dd040 WorkerThread "G1 Conc#1"                       [id=2680, stack(0x000000e44ab00000,0x000000e44ac00000) (1024K)]
  0x00000279400e2f20 WorkerThread "G1 Conc#2"                       [id=17892, stack(0x000000e44ac00000,0x000000e44ad00000) (1024K)]
  0x0000027971660180 ConcurrentGCThread "G1 Refine#0"               [id=33472, stack(0x000000e448300000,0x000000e448400000) (1024K)]
  0x0000027971662ca0 ConcurrentGCThread "G1 Service"                [id=28012, stack(0x000000e448400000,0x000000e448500000) (1024K)]
Total: 21

Threads with active compile tasks:
C2 CompilerThread0  58754 49814       4       com.jetbrains.python.parsing.StatementParsing::filter (556 bytes)
Total: 1

VM state: not at safepoint (normal execution)

VM Mutex/Monitor currently owned by a thread: None

Heap address: 0x00000000c0000000, size: 1024 MB, Compressed Oops mode: 32-bit

CDS archive(s) not mapped
Compressed class space mapped at: 0x0000000036000000-0x0000000076000000, reserved size: 1073741824
UseCompressedClassPointers 1, UseCompactObjectHeaders 1
Narrow klass pointer bits 22, Max shift 10
Narrow klass base: 0x0000000036000000, Narrow klass shift: 9
Encoding Range: [0x0000000036000000 - 0x00000000b6000000), (2147483648 bytes)
Klass Range:    [0x0000000036000000 - 0x0000000076000000), (1073741824 bytes)
Klass ID Range:  [1 - 2097152) (2097151)
Protection zone: [0x0000000036000000 - 0x0000000036010000), (65536 bytes)

GC Precious Log:
 CardTable entry size: 512
 Card Set container configuration: InlinePtr #cards 5 size 8 Array Of Cards #cards 10 size 36 Howl #buckets 4 coarsen threshold 1843 Howl Bitmap #cards 512 size 80 coarsen threshold 460 Card regions per heap region 1 cards per card region 2048
 CPUs: 16 total, 16 available
 Memory: 14173M
 Large Page Support: Disabled
 NUMA Support: Disabled
 Compressed Oops: Enabled (32-bit)
 Heap Region Size: 1M
 Heap Min Capacity: 128M
 Heap Initial Capacity: 128M
 Heap Max Capacity: 1G
 Pre-touch: Disabled
 Parallel Workers: 13
 Concurrent Workers: 3
 Concurrent Refinement Workers: 13
 Periodic GC: Disabled

Heap:
 garbage-first heap   total reserved 1048576K, committed 974848K, used 607988K [0x00000000c0000000, 0x0000000100000000)
  region size 1024K, 214 young (219136K), 34 survivors (34816K)

Heap Regions: E=young(eden), S=young(survivor), O=old, HS=humongous(starts), HC=humongous(continues), CS=collection set, F=free, TAMS=top-at-mark-start, PB=parsable bottom
|   0|0x00000000c0000000, 0x00000000c0100000, 0x00000000c0100000|100%| O|  |TAMS 0x00000000c0000000| PB 0x00000000c0000000| Untracked |  0
|   1|0x00000000c0100000, 0x00000000c0200000, 0x00000000c0200000|100%| O|  |TAMS 0x00000000c0100000| PB 0x00000000c0100000| Untracked |  0
|   2|0x00000000c0200000, 0x00000000c0300000, 0x00000000c0300000|100%| O|  |TAMS 0x00000000c0200000| PB 0x00000000c0200000| Untracked |  0
|   3|0x00000000c0300000, 0x00000000c0400000, 0x00000000c0400000|100%| O|  |TAMS 0x00000000c0300000| PB 0x00000000c0300000| Untracked |  0
|   4|0x00000000c0400000, 0x00000000c0500000, 0x00000000c0500000|100%| O|  |TAMS 0x00000000c0400000| PB 0x00000000c0400000| Untracked |  0
|   5|0x00000000c0500000, 0x00000000c0600000, 0x00000000c0600000|100%| O|  |TAMS 0x00000000c0500000| PB 0x00000000c0500000| Untracked |  0
|   6|0x00000000c0600000, 0x00000000c0700000, 0x00000000c0700000|100%| O|  |TAMS 0x00000000c0600000| PB 0x00000000c0600000| Untracked |  0
|   7|0x00000000c0700000, 0x00000000c0800000, 0x00000000c0800000|100%| O|  |TAMS 0x00000000c0700000| PB 0x00000000c0700000| Untracked |  0
|   8|0x00000000c0800000, 0x00000000c0900000, 0x00000000c0900000|100%| O|  |TAMS 0x00000000c0800000| PB 0x00000000c0800000| Untracked |  0
|   9|0x00000000c0900000, 0x00000000c0a00000, 0x00000000c0a00000|100%| O|  |TAMS 0x00000000c0900000| PB 0x00000000c0900000| Untracked |  0
|  10|0x00000000c0a00000, 0x00000000c0b00000, 0x00000000c0b00000|100%|HS|  |TAMS 0x00000000c0a00000| PB 0x00000000c0a00000| Complete |  0
|  11|0x00000000c0b00000, 0x00000000c0c00000, 0x00000000c0c00000|100%| O|  |TAMS 0x00000000c0b00000| PB 0x00000000c0b00000| Untracked |  0
|  12|0x00000000c0c00000, 0x00000000c0d00000, 0x00000000c0d00000|100%| O|  |TAMS 0x00000000c0c00000| PB 0x00000000c0c00000| Untracked |  0
|  13|0x00000000c0d00000, 0x00000000c0e00000, 0x00000000c0e00000|100%| O|  |TAMS 0x00000000c0d00000| PB 0x00000000c0d00000| Untracked |  0
|  14|0x00000000c0e00000, 0x00000000c0f00000, 0x00000000c0f00000|100%| O|  |TAMS 0x00000000c0e00000| PB 0x00000000c0e00000| Untracked |  0
|  15|0x00000000c0f00000, 0x00000000c1000000, 0x00000000c1000000|100%| O|  |TAMS 0x00000000c0f00000| PB 0x00000000c0f00000| Untracked |  0
|  16|0x00000000c1000000, 0x00000000c1100000, 0x00000000c1100000|100%| O|  |TAMS 0x00000000c1000000| PB 0x00000000c1000000| Untracked |  0
|  17|0x00000000c1100000, 0x00000000c1200000, 0x00000000c1200000|100%| O|  |TAMS 0x00000000c1100000| PB 0x00000000c1100000| Untracked |  0
|  18|0x00000000c1200000, 0x00000000c1300000, 0x00000000c1300000|100%| O|  |TAMS 0x00000000c1200000| PB 0x00000000c1200000| Untracked |  0
|  19|0x00000000c1300000, 0x00000000c1400000, 0x00000000c1400000|100%| O|  |TAMS 0x00000000c1300000| PB 0x00000000c1300000| Untracked |  0
|  20|0x00000000c1400000, 0x00000000c1500000, 0x00000000c1500000|100%| O|  |TAMS 0x00000000c1400000| PB 0x00000000c1400000| Untracked |  0
|  21|0x00000000c1500000, 0x00000000c1600000, 0x00000000c1600000|100%| O|  |TAMS 0x00000000c1500000| PB 0x00000000c1500000| Untracked |  0
|  22|0x00000000c1600000, 0x00000000c1700000, 0x00000000c1700000|100%| O|  |TAMS 0x00000000c1600000| PB 0x00000000c1600000| Untracked |  0
|  23|0x00000000c1700000, 0x00000000c1800000, 0x00000000c1800000|100%| O|  |TAMS 0x00000000c1700000| PB 0x00000000c1700000| Untracked |  0
|  24|0x00000000c1800000, 0x00000000c1900000, 0x00000000c1900000|100%| O|  |TAMS 0x00000000c1800000| PB 0x00000000c1800000| Untracked |  0
|  25|0x00000000c1900000, 0x00000000c1a00000, 0x00000000c1a00000|100%| O|  |TAMS 0x00000000c1900000| PB 0x00000000c1900000| Untracked |  0
|  26|0x00000000c1a00000, 0x00000000c1b00000, 0x00000000c1b00000|100%| O|  |TAMS 0x00000000c1a00000| PB 0x00000000c1a00000| Untracked |  0
|  27|0x00000000c1b00000, 0x00000000c1c00000, 0x00000000c1c00000|100%| O|  |TAMS 0x00000000c1b00000| PB 0x00000000c1b00000| Untracked |  0
|  28|0x00000000c1c00000, 0x00000000c1d00000, 0x00000000c1d00000|100%| O|  |TAMS 0x00000000c1c00000| PB 0x00000000c1c00000| Untracked |  0
|  29|0x00000000c1d00000, 0x00000000c1e00000, 0x00000000c1e00000|100%| O|  |TAMS 0x00000000c1d00000| PB 0x00000000c1d00000| Untracked |  0
|  30|0x00000000c1e00000, 0x00000000c1f00000, 0x00000000c1f00000|100%| O|  |TAMS 0x00000000c1e00000| PB 0x00000000c1e00000| Untracked |  0
|  31|0x00000000c1f00000, 0x00000000c2000000, 0x00000000c2000000|100%| O|  |TAMS 0x00000000c1f00000| PB 0x00000000c1f00000| Untracked |  0
|  32|0x00000000c2000000, 0x00000000c2100000, 0x00000000c2100000|100%| O|  |TAMS 0x00000000c2000000| PB 0x00000000c2000000| Untracked |  0
|  33|0x00000000c2100000, 0x00000000c2200000, 0x00000000c2200000|100%| O|  |TAMS 0x00000000c2100000| PB 0x00000000c2100000| Untracked |  0
|  34|0x00000000c2200000, 0x00000000c2300000, 0x00000000c2300000|100%| O|  |TAMS 0x00000000c2200000| PB 0x00000000c2200000| Untracked |  0
|  35|0x00000000c2300000, 0x00000000c2400000, 0x00000000c2400000|100%| O|  |TAMS 0x00000000c2300000| PB 0x00000000c2300000| Untracked |  0
|  36|0x00000000c2400000, 0x00000000c2500000, 0x00000000c2500000|100%| O|  |TAMS 0x00000000c2400000| PB 0x00000000c2400000| Untracked |  0
|  37|0x00000000c2500000, 0x00000000c2600000, 0x00000000c2600000|100%| O|  |TAMS 0x00000000c2500000| PB 0x00000000c2500000| Untracked |  0
|  38|0x00000000c2600000, 0x00000000c2700000, 0x00000000c2700000|100%| O|  |TAMS 0x00000000c2600000| PB 0x00000000c2600000| Untracked |  0
|  39|0x00000000c2700000, 0x00000000c2800000, 0x00000000c2800000|100%| O|  |TAMS 0x00000000c2700000| PB 0x00000000c2700000| Untracked |  0
|  40|0x00000000c2800000, 0x00000000c2900000, 0x00000000c2900000|100%| O|  |TAMS 0x00000000c2800000| PB 0x00000000c2800000| Untracked |  0
|  41|0x00000000c2900000, 0x00000000c2a00000, 0x00000000c2a00000|100%| O|  |TAMS 0x00000000c2900000| PB 0x00000000c2900000| Untracked |  0
|  42|0x00000000c2a00000, 0x00000000c2b00000, 0x00000000c2b00000|100%| O|  |TAMS 0x00000000c2a00000| PB 0x00000000c2a00000| Untracked |  0
|  43|0x00000000c2b00000, 0x00000000c2c00000, 0x00000000c2c00000|100%| O|  |TAMS 0x00000000c2b00000| PB 0x00000000c2b00000| Untracked |  0
|  44|0x00000000c2c00000, 0x00000000c2d00000, 0x00000000c2d00000|100%| O|  |TAMS 0x00000000c2c00000| PB 0x00000000c2c00000| Untracked |  0
|  45|0x00000000c2d00000, 0x00000000c2e00000, 0x00000000c2e00000|100%| O|  |TAMS 0x00000000c2d00000| PB 0x00000000c2d00000| Untracked |  0
|  46|0x00000000c2e00000, 0x00000000c2f00000, 0x00000000c2f00000|100%| O|  |TAMS 0x00000000c2e00000| PB 0x00000000c2e00000| Untracked |  0
|  47|0x00000000c2f00000, 0x00000000c3000000, 0x00000000c3000000|100%| O|  |TAMS 0x00000000c2f00000| PB 0x00000000c2f00000| Untracked |  0
|  48|0x00000000c3000000, 0x00000000c3100000, 0x00000000c3100000|100%| O|  |TAMS 0x00000000c3000000| PB 0x00000000c3000000| Untracked |  0
|  49|0x00000000c3100000, 0x00000000c3100000, 0x00000000c3200000|  0%| F|  |TAMS 0x00000000c3100000| PB 0x00000000c3100000| Untracked |  0
|  50|0x00000000c3200000, 0x00000000c3300000, 0x00000000c3300000|100%| O|  |TAMS 0x00000000c3200000| PB 0x00000000c3200000| Untracked |  0
|  51|0x00000000c3300000, 0x00000000c3400000, 0x00000000c3400000|100%|HS|  |TAMS 0x00000000c3300000| PB 0x00000000c3300000| Complete |  0
|  52|0x00000000c3400000, 0x00000000c3500000, 0x00000000c3500000|100%|HS|  |TAMS 0x00000000c3400000| PB 0x00000000c3400000| Complete |  0
|  53|0x00000000c3500000, 0x00000000c3600000, 0x00000000c3600000|100%| O|  |TAMS 0x00000000c3500000| PB 0x00000000c3500000| Untracked |  0
|  54|0x00000000c3600000, 0x00000000c3700000, 0x00000000c3700000|100%| O|  |TAMS 0x00000000c3600000| PB 0x00000000c3600000| Untracked |  0
|  55|0x00000000c3700000, 0x00000000c3800000, 0x00000000c3800000|100%| O|  |TAMS 0x00000000c3700000| PB 0x00000000c3700000| Untracked |  0
|  56|0x00000000c3800000, 0x00000000c3900000, 0x00000000c3900000|100%| O|  |TAMS 0x00000000c3800000| PB 0x00000000c3800000| Untracked |  0
|  57|0x00000000c3900000, 0x00000000c3a00000, 0x00000000c3a00000|100%| O|  |TAMS 0x00000000c3900000| PB 0x00000000c3900000| Untracked |  0
|  58|0x00000000c3a00000, 0x00000000c3b00000, 0x00000000c3b00000|100%| O|  |TAMS 0x00000000c3a00000| PB 0x00000000c3a00000| Untracked |  0
|  59|0x00000000c3b00000, 0x00000000c3c00000, 0x00000000c3c00000|100%|HS|  |TAMS 0x00000000c3b00000| PB 0x00000000c3b00000| Complete |  0
|  60|0x00000000c3c00000, 0x00000000c3d00000, 0x00000000c3d00000|100%| O|  |TAMS 0x00000000c3c00000| PB 0x00000000c3c00000| Untracked |  0
|  61|0x00000000c3d00000, 0x00000000c3e00000, 0x00000000c3e00000|100%| O|  |TAMS 0x00000000c3d00000| PB 0x00000000c3d00000| Untracked |  0
|  62|0x00000000c3e00000, 0x00000000c3f00000, 0x00000000c3f00000|100%| O|  |TAMS 0x00000000c3e00000| PB 0x00000000c3e00000| Untracked |  0
|  63|0x00000000c3f00000, 0x00000000c4000000, 0x00000000c4000000|100%|HS|  |TAMS 0x00000000c3f00000| PB 0x00000000c3f00000| Complete |  0
|  64|0x00000000c4000000, 0x00000000c4100000, 0x00000000c4100000|100%| O|  |TAMS 0x00000000c4000000| PB 0x00000000c4000000| Untracked |  0
|  65|0x00000000c4100000, 0x00000000c4200000, 0x00000000c4200000|100%|HS|  |TAMS 0x00000000c4100000| PB 0x00000000c4100000| Complete |  0
|  66|0x00000000c4200000, 0x00000000c4300000, 0x00000000c4300000|100%| O|  |TAMS 0x00000000c4200000| PB 0x00000000c4200000| Untracked |  0
|  67|0x00000000c4300000, 0x00000000c4400000, 0x00000000c4400000|100%| O|  |TAMS 0x00000000c4300000| PB 0x00000000c4300000| Untracked |  0
|  68|0x00000000c4400000, 0x00000000c4500000, 0x00000000c4500000|100%| O|  |TAMS 0x00000000c4400000| PB 0x00000000c4400000| Untracked |  0
|  69|0x00000000c4500000, 0x00000000c4600000, 0x00000000c4600000|100%| O|  |TAMS 0x00000000c4500000| PB 0x00000000c4500000| Untracked |  0
|  70|0x00000000c4600000, 0x00000000c4700000, 0x00000000c4700000|100%| O|  |TAMS 0x00000000c4600000| PB 0x00000000c4600000| Untracked |  0
|  71|0x00000000c4700000, 0x00000000c4800000, 0x00000000c4800000|100%| O|  |TAMS 0x00000000c4700000| PB 0x00000000c4700000| Untracked |  0
|  72|0x00000000c4800000, 0x00000000c4900000, 0x00000000c4900000|100%| O|  |TAMS 0x00000000c4800000| PB 0x00000000c4800000| Untracked |  0
|  73|0x00000000c4900000, 0x00000000c4a00000, 0x00000000c4a00000|100%| O|  |TAMS 0x00000000c4900000| PB 0x00000000c4900000| Untracked |  0
|  74|0x00000000c4a00000, 0x00000000c4b00000, 0x00000000c4b00000|100%| O|  |TAMS 0x00000000c4a00000| PB 0x00000000c4a00000| Untracked |  0
|  75|0x00000000c4b00000, 0x00000000c4c00000, 0x00000000c4c00000|100%| O|  |TAMS 0x00000000c4b00000| PB 0x00000000c4b00000| Untracked |  0
|  76|0x00000000c4c00000, 0x00000000c4d00000, 0x00000000c4d00000|100%| O|  |TAMS 0x00000000c4c00000| PB 0x00000000c4c00000| Untracked |  0
|  77|0x00000000c4d00000, 0x00000000c4d00000, 0x00000000c4e00000|  0%| F|  |TAMS 0x00000000c4d00000| PB 0x00000000c4d00000| Untracked |  0
|  78|0x00000000c4e00000, 0x00000000c4f00000, 0x00000000c4f00000|100%| O|  |TAMS 0x00000000c4e00000| PB 0x00000000c4e00000| Untracked |  0
|  79|0x00000000c4f00000, 0x00000000c5000000, 0x00000000c5000000|100%| O|  |TAMS 0x00000000c4f00000| PB 0x00000000c4f00000| Untracked |  0
|  80|0x00000000c5000000, 0x00000000c5100000, 0x00000000c5100000|100%| O|  |TAMS 0x00000000c5000000| PB 0x00000000c5000000| Untracked |  0
|  81|0x00000000c5100000, 0x00000000c5200000, 0x00000000c5200000|100%| O|  |TAMS 0x00000000c5100000| PB 0x00000000c5100000| Untracked |  0
|  82|0x00000000c5200000, 0x00000000c5300000, 0x00000000c5300000|100%| O|  |TAMS 0x00000000c5200000| PB 0x00000000c5200000| Untracked |  0
|  83|0x00000000c5300000, 0x00000000c5400000, 0x00000000c5400000|100%| O|  |TAMS 0x00000000c5300000| PB 0x00000000c5300000| Untracked |  0
|  84|0x00000000c5400000, 0x00000000c5500000, 0x00000000c5500000|100%| O|  |TAMS 0x00000000c5400000| PB 0x00000000c5400000| Untracked |  0
|  85|0x00000000c5500000, 0x00000000c5600000, 0x00000000c5600000|100%| O|  |TAMS 0x00000000c5500000| PB 0x00000000c5500000| Untracked |  0
|  86|0x00000000c5600000, 0x00000000c5700000, 0x00000000c5700000|100%| O|  |TAMS 0x00000000c5600000| PB 0x00000000c5600000| Untracked |  0
|  87|0x00000000c5700000, 0x00000000c5800000, 0x00000000c5800000|100%| O|  |TAMS 0x00000000c5700000| PB 0x00000000c5700000| Untracked |  0
|  88|0x00000000c5800000, 0x00000000c5900000, 0x00000000c5900000|100%| O|  |TAMS 0x00000000c5800000| PB 0x00000000c5800000| Untracked |  0
|  89|0x00000000c5900000, 0x00000000c5a00000, 0x00000000c5a00000|100%| O|  |TAMS 0x00000000c5900000| PB 0x00000000c5900000| Untracked |  0
|  90|0x00000000c5a00000, 0x00000000c5a00000, 0x00000000c5b00000|  0%| F|  |TAMS 0x00000000c5a00000| PB 0x00000000c5a00000| Untracked |  0
|  91|0x00000000c5b00000, 0x00000000c5c00000, 0x00000000c5c00000|100%| O|  |TAMS 0x00000000c5b00000| PB 0x00000000c5b00000| Untracked |  0
|  92|0x00000000c5c00000, 0x00000000c5d00000, 0x00000000c5d00000|100%| O|  |TAMS 0x00000000c5c00000| PB 0x00000000c5c00000| Untracked |  0
|  93|0x00000000c5d00000, 0x00000000c5e00000, 0x00000000c5e00000|100%| O|  |TAMS 0x00000000c5d00000| PB 0x00000000c5d00000| Untracked |  0
|  94|0x00000000c5e00000, 0x00000000c5f00000, 0x00000000c5f00000|100%| O|  |TAMS 0x00000000c5e00000| PB 0x00000000c5e00000| Untracked |  0
|  95|0x00000000c5f00000, 0x00000000c6000000, 0x00000000c6000000|100%| O|  |TAMS 0x00000000c5f00000| PB 0x00000000c5f00000| Untracked |  0
|  96|0x00000000c6000000, 0x00000000c6100000, 0x00000000c6100000|100%| O|  |TAMS 0x00000000c6000000| PB 0x00000000c6000000| Untracked |  0
|  97|0x00000000c6100000, 0x00000000c6200000, 0x00000000c6200000|100%| O|  |TAMS 0x00000000c6100000| PB 0x00000000c6100000| Untracked |  0
|  98|0x00000000c6200000, 0x00000000c6300000, 0x00000000c6300000|100%| O|  |TAMS 0x00000000c6200000| PB 0x00000000c6200000| Untracked |  0
|  99|0x00000000c6300000, 0x00000000c6300000, 0x00000000c6400000|  0%| F|  |TAMS 0x00000000c6300000| PB 0x00000000c6300000| Untracked |  0
| 100|0x00000000c6400000, 0x00000000c6500000, 0x00000000c6500000|100%| O|  |TAMS 0x00000000c6400000| PB 0x00000000c6400000| Untracked |  0
| 101|0x00000000c6500000, 0x00000000c6600000, 0x00000000c6600000|100%| O|  |TAMS 0x00000000c6500000| PB 0x00000000c6500000| Untracked |  0
| 102|0x00000000c6600000, 0x00000000c6700000, 0x00000000c6700000|100%| O|  |TAMS 0x00000000c6600000| PB 0x00000000c6600000| Untracked |  0
| 103|0x00000000c6700000, 0x00000000c6800000, 0x00000000c6800000|100%| O|  |TAMS 0x00000000c6700000| PB 0x00000000c6700000| Untracked |  0
| 104|0x00000000c6800000, 0x00000000c6900000, 0x00000000c6900000|100%| O|  |TAMS 0x00000000c6800000| PB 0x00000000c6800000| Untracked |  0
| 105|0x00000000c6900000, 0x00000000c6a00000, 0x00000000c6a00000|100%| O|  |TAMS 0x00000000c6900000| PB 0x00000000c6900000| Untracked |  0
| 106|0x00000000c6a00000, 0x00000000c6b00000, 0x00000000c6b00000|100%| O|  |TAMS 0x00000000c6a00000| PB 0x00000000c6a00000| Untracked |  0
| 107|0x00000000c6b00000, 0x00000000c6b00000, 0x00000000c6c00000|  0%| F|  |TAMS 0x00000000c6b00000| PB 0x00000000c6b00000| Untracked |  0
| 108|0x00000000c6c00000, 0x00000000c6d00000, 0x00000000c6d00000|100%| O|  |TAMS 0x00000000c6c00000| PB 0x00000000c6c00000| Untracked |  0
| 109|0x00000000c6d00000, 0x00000000c6e00000, 0x00000000c6e00000|100%| O|  |TAMS 0x00000000c6d00000| PB 0x00000000c6d00000| Untracked |  0
| 110|0x00000000c6e00000, 0x00000000c6f00000, 0x00000000c6f00000|100%| O|  |TAMS 0x00000000c6e00000| PB 0x00000000c6e00000| Untracked |  0
| 111|0x00000000c6f00000, 0x00000000c7000000, 0x00000000c7000000|100%| O|  |TAMS 0x00000000c6f00000| PB 0x00000000c6f00000| Untracked |  0
| 112|0x00000000c7000000, 0x00000000c7100000, 0x00000000c7100000|100%| O|  |TAMS 0x00000000c7000000| PB 0x00000000c7000000| Untracked |  0
| 113|0x00000000c7100000, 0x00000000c7200000, 0x00000000c7200000|100%| O|  |TAMS 0x00000000c7100000| PB 0x00000000c7100000| Untracked |  0
| 114|0x00000000c7200000, 0x00000000c7300000, 0x00000000c7300000|100%| O|  |TAMS 0x00000000c7200000| PB 0x00000000c7200000| Untracked |  0
| 115|0x00000000c7300000, 0x00000000c7400000, 0x00000000c7400000|100%| O|  |TAMS 0x00000000c7300000| PB 0x00000000c7300000| Untracked |  0
| 116|0x00000000c7400000, 0x00000000c7500000, 0x00000000c7500000|100%| O|  |TAMS 0x00000000c7400000| PB 0x00000000c7400000| Untracked |  0
| 117|0x00000000c7500000, 0x00000000c7600000, 0x00000000c7600000|100%| O|  |TAMS 0x00000000c7500000| PB 0x00000000c7500000| Untracked |  0
| 118|0x00000000c7600000, 0x00000000c7700000, 0x00000000c7700000|100%| O|  |TAMS 0x00000000c7600000| PB 0x00000000c7600000| Untracked |  0
| 119|0x00000000c7700000, 0x00000000c7800000, 0x00000000c7800000|100%| O|  |TAMS 0x00000000c7700000| PB 0x00000000c7700000| Untracked |  0
| 120|0x00000000c7800000, 0x00000000c7900000, 0x00000000c7900000|100%| O|  |TAMS 0x00000000c7800000| PB 0x00000000c7800000| Untracked |  0
| 121|0x00000000c7900000, 0x00000000c7a00000, 0x00000000c7a00000|100%| O|  |TAMS 0x00000000c7900000| PB 0x00000000c7900000| Untracked |  0
| 122|0x00000000c7a00000, 0x00000000c7b00000, 0x00000000c7b00000|100%| O|  |TAMS 0x00000000c7a00000| PB 0x00000000c7a00000| Untracked |  0
| 123|0x00000000c7b00000, 0x00000000c7c00000, 0x00000000c7c00000|100%| O|  |TAMS 0x00000000c7b00000| PB 0x00000000c7b00000| Untracked |  0
| 124|0x00000000c7c00000, 0x00000000c7d00000, 0x00000000c7d00000|100%| O|  |TAMS 0x00000000c7c00000| PB 0x00000000c7c00000| Untracked |  0
| 125|0x00000000c7d00000, 0x00000000c7e00000, 0x00000000c7e00000|100%| O|  |TAMS 0x00000000c7d00000| PB 0x00000000c7d00000| Untracked |  0
| 126|0x00000000c7e00000, 0x00000000c7f00000, 0x00000000c7f00000|100%| O|  |TAMS 0x00000000c7e00000| PB 0x00000000c7e00000| Untracked |  0
| 127|0x00000000c7f00000, 0x00000000c8000000, 0x00000000c8000000|100%| O|  |TAMS 0x00000000c7f00000| PB 0x00000000c7f00000| Untracked |  0
| 128|0x00000000c8000000, 0x00000000c8000000, 0x00000000c8100000|  0%| F|  |TAMS 0x00000000c8000000| PB 0x00000000c8000000| Untracked |  0
| 129|0x00000000c8100000, 0x00000000c8200000, 0x00000000c8200000|100%| O|  |TAMS 0x00000000c8100000| PB 0x00000000c8100000| Untracked |  0
| 130|0x00000000c8200000, 0x00000000c8300000, 0x00000000c8300000|100%| O|  |TAMS 0x00000000c8200000| PB 0x00000000c8200000| Untracked |  0
| 131|0x00000000c8300000, 0x00000000c8400000, 0x00000000c8400000|100%| O|  |TAMS 0x00000000c8300000| PB 0x00000000c8300000| Untracked |  0
| 132|0x00000000c8400000, 0x00000000c8500000, 0x00000000c8500000|100%| O|  |TAMS 0x00000000c8400000| PB 0x00000000c8400000| Untracked |  0
| 133|0x00000000c8500000, 0x00000000c8600000, 0x00000000c8600000|100%| O|  |TAMS 0x00000000c8500000| PB 0x00000000c8500000| Untracked |  0
| 134|0x00000000c8600000, 0x00000000c8700000, 0x00000000c8700000|100%| O|  |TAMS 0x00000000c8600000| PB 0x00000000c8600000| Untracked |  0
| 135|0x00000000c8700000, 0x00000000c8800000, 0x00000000c8800000|100%| O|  |TAMS 0x00000000c8700000| PB 0x00000000c8700000| Untracked |  0
| 136|0x00000000c8800000, 0x00000000c8900000, 0x00000000c8900000|100%| O|  |TAMS 0x00000000c8800000| PB 0x00000000c8800000| Untracked |  0
| 137|0x00000000c8900000, 0x00000000c8a00000, 0x00000000c8a00000|100%| O|  |TAMS 0x00000000c8900000| PB 0x00000000c8900000| Untracked |  0
| 138|0x00000000c8a00000, 0x00000000c8b00000, 0x00000000c8b00000|100%| O|  |TAMS 0x00000000c8a00000| PB 0x00000000c8a00000| Untracked |  0
| 139|0x00000000c8b00000, 0x00000000c8c00000, 0x00000000c8c00000|100%| O|  |TAMS 0x00000000c8b00000| PB 0x00000000c8b00000| Untracked |  0
| 140|0x00000000c8c00000, 0x00000000c8d00000, 0x00000000c8d00000|100%| O|  |TAMS 0x00000000c8c00000| PB 0x00000000c8c00000| Untracked |  0
| 141|0x00000000c8d00000, 0x00000000c8e00000, 0x00000000c8e00000|100%| O|  |TAMS 0x00000000c8d00000| PB 0x00000000c8d00000| Untracked |  0
| 142|0x00000000c8e00000, 0x00000000c8f00000, 0x00000000c8f00000|100%| O|  |TAMS 0x00000000c8e00000| PB 0x00000000c8e00000| Untracked |  0
| 143|0x00000000c8f00000, 0x00000000c9000000, 0x00000000c9000000|100%| O|  |TAMS 0x00000000c8f00000| PB 0x00000000c8f00000| Untracked |  0
| 144|0x00000000c9000000, 0x00000000c9100000, 0x00000000c9100000|100%| O|  |TAMS 0x00000000c9000000| PB 0x00000000c9000000| Untracked |  0
| 145|0x00000000c9100000, 0x00000000c9200000, 0x00000000c9200000|100%| O|  |TAMS 0x00000000c9100000| PB 0x00000000c9100000| Untracked |  0
| 146|0x00000000c9200000, 0x00000000c9300000, 0x00000000c9300000|100%| O|  |TAMS 0x00000000c9200000| PB 0x00000000c9200000| Untracked |  0
| 147|0x00000000c9300000, 0x00000000c9400000, 0x00000000c9400000|100%| O|  |TAMS 0x00000000c9300000| PB 0x00000000c9300000| Untracked |  0
| 148|0x00000000c9400000, 0x00000000c9500000, 0x00000000c9500000|100%| O|  |TAMS 0x00000000c9400000| PB 0x00000000c9400000| Untracked |  0
| 149|0x00000000c9500000, 0x00000000c9600000, 0x00000000c9600000|100%| O|  |TAMS 0x00000000c9500000| PB 0x00000000c9500000| Untracked |  0
| 150|0x00000000c9600000, 0x00000000c9700000, 0x00000000c9700000|100%| O|  |TAMS 0x00000000c9600000| PB 0x00000000c9600000| Untracked |  0
| 151|0x00000000c9700000, 0x00000000c9800000, 0x00000000c9800000|100%| O|  |TAMS 0x00000000c9700000| PB 0x00000000c9700000| Untracked |  0
| 152|0x00000000c9800000, 0x00000000c9900000, 0x00000000c9900000|100%|HS|  |TAMS 0x00000000c9800000| PB 0x00000000c9800000| Complete |  0
| 153|0x00000000c9900000, 0x00000000c9a00000, 0x00000000c9a00000|100%|HC|  |TAMS 0x00000000c9900000| PB 0x00000000c9900000| Complete |  0
| 154|0x00000000c9a00000, 0x00000000c9b00000, 0x00000000c9b00000|100%|HC|  |TAMS 0x00000000c9a00000| PB 0x00000000c9a00000| Complete |  0
| 155|0x00000000c9b00000, 0x00000000c9c00000, 0x00000000c9c00000|100%|HC|  |TAMS 0x00000000c9b00000| PB 0x00000000c9b00000| Complete |  0
| 156|0x00000000c9c00000, 0x00000000c9d00000, 0x00000000c9d00000|100%|HC|  |TAMS 0x00000000c9c00000| PB 0x00000000c9c00000| Complete |  0
| 157|0x00000000c9d00000, 0x00000000c9e00000, 0x00000000c9e00000|100%|HC|  |TAMS 0x00000000c9d00000| PB 0x00000000c9d00000| Complete |  0
| 158|0x00000000c9e00000, 0x00000000c9f00000, 0x00000000c9f00000|100%|HC|  |TAMS 0x00000000c9e00000| PB 0x00000000c9e00000| Complete |  0
| 159|0x00000000c9f00000, 0x00000000ca000000, 0x00000000ca000000|100%|HC|  |TAMS 0x00000000c9f00000| PB 0x00000000c9f00000| Complete |  0
| 160|0x00000000ca000000, 0x00000000ca100000, 0x00000000ca100000|100%| O|  |TAMS 0x00000000ca000000| PB 0x00000000ca000000| Untracked |  0
| 161|0x00000000ca100000, 0x00000000ca200000, 0x00000000ca200000|100%| O|  |TAMS 0x00000000ca100000| PB 0x00000000ca100000| Untracked |  0
| 162|0x00000000ca200000, 0x00000000ca300000, 0x00000000ca300000|100%| O|  |TAMS 0x00000000ca200000| PB 0x00000000ca200000| Untracked |  0
| 163|0x00000000ca300000, 0x00000000ca400000, 0x00000000ca400000|100%| O|  |TAMS 0x00000000ca300000| PB 0x00000000ca300000| Untracked |  0
| 164|0x00000000ca400000, 0x00000000ca500000, 0x00000000ca500000|100%| O|  |TAMS 0x00000000ca400000| PB 0x00000000ca400000| Untracked |  0
| 165|0x00000000ca500000, 0x00000000ca600000, 0x00000000ca600000|100%| O|  |TAMS 0x00000000ca500000| PB 0x00000000ca500000| Untracked |  0
| 166|0x00000000ca600000, 0x00000000ca700000, 0x00000000ca700000|100%| O|  |TAMS 0x00000000ca600000| PB 0x00000000ca600000| Untracked |  0
| 167|0x00000000ca700000, 0x00000000ca800000, 0x00000000ca800000|100%| O|  |TAMS 0x00000000ca700000| PB 0x00000000ca700000| Untracked |  0
| 168|0x00000000ca800000, 0x00000000ca900000, 0x00000000ca900000|100%| O|  |TAMS 0x00000000ca800000| PB 0x00000000ca800000| Untracked |  0
| 169|0x00000000ca900000, 0x00000000caa00000, 0x00000000caa00000|100%| O|  |TAMS 0x00000000ca900000| PB 0x00000000ca900000| Untracked |  0
| 170|0x00000000caa00000, 0x00000000cab00000, 0x00000000cab00000|100%| O|  |TAMS 0x00000000caa00000| PB 0x00000000caa00000| Untracked |  0
| 171|0x00000000cab00000, 0x00000000cac00000, 0x00000000cac00000|100%| O|  |TAMS 0x00000000cab00000| PB 0x00000000cab00000| Untracked |  0
| 172|0x00000000cac00000, 0x00000000cad00000, 0x00000000cad00000|100%| O|  |TAMS 0x00000000cac00000| PB 0x00000000cac00000| Untracked |  0
| 173|0x00000000cad00000, 0x00000000cae00000, 0x00000000cae00000|100%| O|  |TAMS 0x00000000cad00000| PB 0x00000000cad00000| Untracked |  0
| 174|0x00000000cae00000, 0x00000000cae00000, 0x00000000caf00000|  0%| F|  |TAMS 0x00000000cae00000| PB 0x00000000cae00000| Untracked |  0
| 175|0x00000000caf00000, 0x00000000cb000000, 0x00000000cb000000|100%| O|  |TAMS 0x00000000caf00000| PB 0x00000000caf00000| Untracked |  0
| 176|0x00000000cb000000, 0x00000000cb100000, 0x00000000cb100000|100%| O|  |TAMS 0x00000000cb000000| PB 0x00000000cb000000| Untracked |  0
| 177|0x00000000cb100000, 0x00000000cb200000, 0x00000000cb200000|100%| O|  |TAMS 0x00000000cb100000| PB 0x00000000cb100000| Untracked |  0
| 178|0x00000000cb200000, 0x00000000cb300000, 0x00000000cb300000|100%| O|  |TAMS 0x00000000cb200000| PB 0x00000000cb200000| Untracked |  0
| 179|0x00000000cb300000, 0x00000000cb400000, 0x00000000cb400000|100%| O|  |TAMS 0x00000000cb300000| PB 0x00000000cb300000| Untracked |  0
| 180|0x00000000cb400000, 0x00000000cb500000, 0x00000000cb500000|100%| O|  |TAMS 0x00000000cb400000| PB 0x00000000cb400000| Untracked |  0
| 181|0x00000000cb500000, 0x00000000cb600000, 0x00000000cb600000|100%| O|  |TAMS 0x00000000cb500000| PB 0x00000000cb500000| Untracked |  0
| 182|0x00000000cb600000, 0x00000000cb700000, 0x00000000cb700000|100%| O|  |TAMS 0x00000000cb600000| PB 0x00000000cb600000| Untracked |  0
| 183|0x00000000cb700000, 0x00000000cb800000, 0x00000000cb800000|100%| O|  |TAMS 0x00000000cb700000| PB 0x00000000cb700000| Untracked |  0
| 184|0x00000000cb800000, 0x00000000cb900000, 0x00000000cb900000|100%| O|  |TAMS 0x00000000cb800000| PB 0x00000000cb800000| Untracked |  0
| 185|0x00000000cb900000, 0x00000000cba00000, 0x00000000cba00000|100%| O|  |TAMS 0x00000000cb900000| PB 0x00000000cb900000| Untracked |  0
| 186|0x00000000cba00000, 0x00000000cbb00000, 0x00000000cbb00000|100%| O|  |TAMS 0x00000000cba00000| PB 0x00000000cba00000| Untracked |  0
| 187|0x00000000cbb00000, 0x00000000cbc00000, 0x00000000cbc00000|100%| O|  |TAMS 0x00000000cbb00000| PB 0x00000000cbb00000| Untracked |  0
| 188|0x00000000cbc00000, 0x00000000cbd00000, 0x00000000cbd00000|100%| O|  |TAMS 0x00000000cbc00000| PB 0x00000000cbc00000| Untracked |  0
| 189|0x00000000cbd00000, 0x00000000cbe00000, 0x00000000cbe00000|100%| O|  |TAMS 0x00000000cbd00000| PB 0x00000000cbd00000| Untracked |  0
| 190|0x00000000cbe00000, 0x00000000cbf00000, 0x00000000cbf00000|100%| O|  |TAMS 0x00000000cbe00000| PB 0x00000000cbe00000| Untracked |  0
| 191|0x00000000cbf00000, 0x00000000cc000000, 0x00000000cc000000|100%| O|  |TAMS 0x00000000cbf00000| PB 0x00000000cbf00000| Untracked |  0
| 192|0x00000000cc000000, 0x00000000cc100000, 0x00000000cc100000|100%| O|  |TAMS 0x00000000cc000000| PB 0x00000000cc000000| Untracked |  0
| 193|0x00000000cc100000, 0x00000000cc200000, 0x00000000cc200000|100%| O|  |TAMS 0x00000000cc100000| PB 0x00000000cc100000| Untracked |  0
| 194|0x00000000cc200000, 0x00000000cc300000, 0x00000000cc300000|100%| O|  |TAMS 0x00000000cc200000| PB 0x00000000cc200000| Untracked |  0
| 195|0x00000000cc300000, 0x00000000cc400000, 0x00000000cc400000|100%| O|  |TAMS 0x00000000cc300000| PB 0x00000000cc300000| Untracked |  0
| 196|0x00000000cc400000, 0x00000000cc500000, 0x00000000cc500000|100%| O|  |TAMS 0x00000000cc400000| PB 0x00000000cc400000| Untracked |  0
| 197|0x00000000cc500000, 0x00000000cc600000, 0x00000000cc600000|100%| O|  |TAMS 0x00000000cc500000| PB 0x00000000cc500000| Untracked |  0
| 198|0x00000000cc600000, 0x00000000cc700000, 0x00000000cc700000|100%| O|  |TAMS 0x00000000cc600000| PB 0x00000000cc600000| Untracked |  0
| 199|0x00000000cc700000, 0x00000000cc800000, 0x00000000cc800000|100%| O|  |TAMS 0x00000000cc700000| PB 0x00000000cc700000| Untracked |  0
| 200|0x00000000cc800000, 0x00000000cc900000, 0x00000000cc900000|100%| O|  |TAMS 0x00000000cc800000| PB 0x00000000cc800000| Untracked |  0
| 201|0x00000000cc900000, 0x00000000cca00000, 0x00000000cca00000|100%| O|  |TAMS 0x00000000cc900000| PB 0x00000000cc900000| Untracked |  0
| 202|0x00000000cca00000, 0x00000000ccb00000, 0x00000000ccb00000|100%| O|  |TAMS 0x00000000cca00000| PB 0x00000000cca00000| Untracked |  0
| 203|0x00000000ccb00000, 0x00000000ccc00000, 0x00000000ccc00000|100%| O|  |TAMS 0x00000000ccb00000| PB 0x00000000ccb00000| Untracked |  0
| 204|0x00000000ccc00000, 0x00000000ccd00000, 0x00000000ccd00000|100%| O|  |TAMS 0x00000000ccc00000| PB 0x00000000ccc00000| Untracked |  0
| 205|0x00000000ccd00000, 0x00000000cce00000, 0x00000000cce00000|100%| O|  |TAMS 0x00000000ccd00000| PB 0x00000000ccd00000| Untracked |  0
| 206|0x00000000cce00000, 0x00000000ccf00000, 0x00000000ccf00000|100%| O|  |TAMS 0x00000000cce00000| PB 0x00000000cce00000| Untracked |  0
| 207|0x00000000ccf00000, 0x00000000cd000000, 0x00000000cd000000|100%| O|  |TAMS 0x00000000ccf00000| PB 0x00000000ccf00000| Untracked |  0
| 208|0x00000000cd000000, 0x00000000cd100000, 0x00000000cd100000|100%| O|  |TAMS 0x00000000cd000000| PB 0x00000000cd000000| Untracked |  0
| 209|0x00000000cd100000, 0x00000000cd200000, 0x00000000cd200000|100%| O|  |TAMS 0x00000000cd100000| PB 0x00000000cd100000| Untracked |  0
| 210|0x00000000cd200000, 0x00000000cd300000, 0x00000000cd300000|100%| O|  |TAMS 0x00000000cd200000| PB 0x00000000cd200000| Untracked |  0
| 211|0x00000000cd300000, 0x00000000cd400000, 0x00000000cd400000|100%| O|  |TAMS 0x00000000cd300000| PB 0x00000000cd300000| Untracked |  0
| 212|0x00000000cd400000, 0x00000000cd500000, 0x00000000cd500000|100%| O|  |TAMS 0x00000000cd400000| PB 0x00000000cd400000| Untracked |  0
| 213|0x00000000cd500000, 0x00000000cd600000, 0x00000000cd600000|100%| O|  |TAMS 0x00000000cd500000| PB 0x00000000cd500000| Untracked |  0
| 214|0x00000000cd600000, 0x00000000cd700000, 0x00000000cd700000|100%| O|  |TAMS 0x00000000cd600000| PB 0x00000000cd600000| Untracked |  0
| 215|0x00000000cd700000, 0x00000000cd800000, 0x00000000cd800000|100%| O|  |TAMS 0x00000000cd700000| PB 0x00000000cd700000| Untracked |  0
| 216|0x00000000cd800000, 0x00000000cd900000, 0x00000000cd900000|100%| O|  |TAMS 0x00000000cd800000| PB 0x00000000cd800000| Untracked |  0
| 217|0x00000000cd900000, 0x00000000cda00000, 0x00000000cda00000|100%|HS|  |TAMS 0x00000000cd900000| PB 0x00000000cd900000| Complete |  0
| 218|0x00000000cda00000, 0x00000000cdb00000, 0x00000000cdb00000|100%| O|  |TAMS 0x00000000cda00000| PB 0x00000000cda00000| Untracked |  0
| 219|0x00000000cdb00000, 0x00000000cdc00000, 0x00000000cdc00000|100%| O|  |TAMS 0x00000000cdb00000| PB 0x00000000cdb00000| Untracked |  0
| 220|0x00000000cdc00000, 0x00000000cdd00000, 0x00000000cdd00000|100%| O|  |TAMS 0x00000000cdc00000| PB 0x00000000cdc00000| Untracked |  0
| 221|0x00000000cdd00000, 0x00000000cde00000, 0x00000000cde00000|100%| O|  |TAMS 0x00000000cdd00000| PB 0x00000000cdd00000| Untracked |  0
| 222|0x00000000cde00000, 0x00000000cdf00000, 0x00000000cdf00000|100%| O|  |TAMS 0x00000000cde00000| PB 0x00000000cde00000| Untracked |  0
| 223|0x00000000cdf00000, 0x00000000ce000000, 0x00000000ce000000|100%| O|  |TAMS 0x00000000cdf00000| PB 0x00000000cdf00000| Untracked |  0
| 224|0x00000000ce000000, 0x00000000ce100000, 0x00000000ce100000|100%| O|  |TAMS 0x00000000ce000000| PB 0x00000000ce000000| Untracked |  0
| 225|0x00000000ce100000, 0x00000000ce200000, 0x00000000ce200000|100%| O|  |TAMS 0x00000000ce100000| PB 0x00000000ce100000| Untracked |  0
| 226|0x00000000ce200000, 0x00000000ce300000, 0x00000000ce300000|100%|HS|  |TAMS 0x00000000ce200000| PB 0x00000000ce200000| Complete |  0
| 227|0x00000000ce300000, 0x00000000ce400000, 0x00000000ce400000|100%|HC|  |TAMS 0x00000000ce300000| PB 0x00000000ce300000| Complete |  0
| 228|0x00000000ce400000, 0x00000000ce500000, 0x00000000ce500000|100%| O|  |TAMS 0x00000000ce400000| PB 0x00000000ce400000| Untracked |  0
| 229|0x00000000ce500000, 0x00000000ce600000, 0x00000000ce600000|100%| O|  |TAMS 0x00000000ce500000| PB 0x00000000ce500000| Untracked |  0
| 230|0x00000000ce600000, 0x00000000ce700000, 0x00000000ce700000|100%| O|  |TAMS 0x00000000ce600000| PB 0x00000000ce600000| Untracked |  0
| 231|0x00000000ce700000, 0x00000000ce800000, 0x00000000ce800000|100%| O|  |TAMS 0x00000000ce700000| PB 0x00000000ce700000| Untracked |  0
| 232|0x00000000ce800000, 0x00000000ce900000, 0x00000000ce900000|100%| O|  |TAMS 0x00000000ce800000| PB 0x00000000ce800000| Untracked |  0
| 233|0x00000000ce900000, 0x00000000cea00000, 0x00000000cea00000|100%| O|  |TAMS 0x00000000ce900000| PB 0x00000000ce900000| Untracked |  0
| 234|0x00000000cea00000, 0x00000000ceb00000, 0x00000000ceb00000|100%| O|  |TAMS 0x00000000cea00000| PB 0x00000000cea00000| Untracked |  0
| 235|0x00000000ceb00000, 0x00000000cec00000, 0x00000000cec00000|100%| O|  |TAMS 0x00000000ceb00000| PB 0x00000000ceb00000| Untracked |  0
| 236|0x00000000cec00000, 0x00000000ced00000, 0x00000000ced00000|100%|HS|  |TAMS 0x00000000cec00000| PB 0x00000000cec00000| Complete |  0
| 237|0x00000000ced00000, 0x00000000cee00000, 0x00000000cee00000|100%| O|  |TAMS 0x00000000ced00000| PB 0x00000000ced00000| Untracked |  0
| 238|0x00000000cee00000, 0x00000000cef00000, 0x00000000cef00000|100%| O|  |TAMS 0x00000000cee00000| PB 0x00000000cee00000| Untracked |  0
| 239|0x00000000cef00000, 0x00000000cf000000, 0x00000000cf000000|100%|HS|  |TAMS 0x00000000cef00000| PB 0x00000000cef00000| Complete |  0
| 240|0x00000000cf000000, 0x00000000cf100000, 0x00000000cf100000|100%|HS|  |TAMS 0x00000000cf000000| PB 0x00000000cf000000| Complete |  0
| 241|0x00000000cf100000, 0x00000000cf200000, 0x00000000cf200000|100%| O|  |TAMS 0x00000000cf100000| PB 0x00000000cf100000| Untracked |  0
| 242|0x00000000cf200000, 0x00000000cf300000, 0x00000000cf300000|100%| O|  |TAMS 0x00000000cf200000| PB 0x00000000cf200000| Untracked |  0
| 243|0x00000000cf300000, 0x00000000cf400000, 0x00000000cf400000|100%| O|  |TAMS 0x00000000cf300000| PB 0x00000000cf300000| Untracked |  0
| 244|0x00000000cf400000, 0x00000000cf500000, 0x00000000cf500000|100%| O|  |TAMS 0x00000000cf400000| PB 0x00000000cf400000| Untracked |  0
| 245|0x00000000cf500000, 0x00000000cf600000, 0x00000000cf600000|100%| O|  |TAMS 0x00000000cf500000| PB 0x00000000cf500000| Untracked |  0
| 246|0x00000000cf600000, 0x00000000cf700000, 0x00000000cf700000|100%| O|  |TAMS 0x00000000cf600000| PB 0x00000000cf600000| Untracked |  0
| 247|0x00000000cf700000, 0x00000000cf800000, 0x00000000cf800000|100%| O|  |TAMS 0x00000000cf700000| PB 0x00000000cf700000| Untracked |  0
| 248|0x00000000cf800000, 0x00000000cf900000, 0x00000000cf900000|100%| O|  |TAMS 0x00000000cf800000| PB 0x00000000cf800000| Untracked |  0
| 249|0x00000000cf900000, 0x00000000cf900000, 0x00000000cfa00000|  0%| F|  |TAMS 0x00000000cf900000| PB 0x00000000cf900000| Untracked |  0
| 250|0x00000000cfa00000, 0x00000000cfa00000, 0x00000000cfb00000|  0%| F|  |TAMS 0x00000000cfa00000| PB 0x00000000cfa00000| Untracked |  0
| 251|0x00000000cfb00000, 0x00000000cfb00000, 0x00000000cfc00000|  0%| F|  |TAMS 0x00000000cfb00000| PB 0x00000000cfb00000| Untracked |  0
| 252|0x00000000cfc00000, 0x00000000cfd00000, 0x00000000cfd00000|100%| O|  |TAMS 0x00000000cfc00000| PB 0x00000000cfc00000| Untracked |  0
| 253|0x00000000cfd00000, 0x00000000cfe00000, 0x00000000cfe00000|100%| O|  |TAMS 0x00000000cfd00000| PB 0x00000000cfd00000| Untracked |  0
| 254|0x00000000cfe00000, 0x00000000cff00000, 0x00000000cff00000|100%| O|  |TAMS 0x00000000cfe00000| PB 0x00000000cfe00000| Untracked |  0
| 255|0x00000000cff00000, 0x00000000d0000000, 0x00000000d0000000|100%| O|  |TAMS 0x00000000cff00000| PB 0x00000000cff00000| Untracked |  0
| 256|0x00000000d0000000, 0x00000000d0100000, 0x00000000d0100000|100%| O|  |TAMS 0x00000000d0000000| PB 0x00000000d0000000| Untracked |  0
| 257|0x00000000d0100000, 0x00000000d0200000, 0x00000000d0200000|100%| O|  |TAMS 0x00000000d0100000| PB 0x00000000d0100000| Untracked |  0
| 258|0x00000000d0200000, 0x00000000d0300000, 0x00000000d0300000|100%| O|  |TAMS 0x00000000d0200000| PB 0x00000000d0200000| Untracked |  0
| 259|0x00000000d0300000, 0x00000000d0400000, 0x00000000d0400000|100%| O|  |TAMS 0x00000000d0300000| PB 0x00000000d0300000| Untracked |  0
| 260|0x00000000d0400000, 0x00000000d0500000, 0x00000000d0500000|100%| O|  |TAMS 0x00000000d0400000| PB 0x00000000d0400000| Untracked |  0
| 261|0x00000000d0500000, 0x00000000d0600000, 0x00000000d0600000|100%| O|  |TAMS 0x00000000d0500000| PB 0x00000000d0500000| Untracked |  0
| 262|0x00000000d0600000, 0x00000000d0700000, 0x00000000d0700000|100%| O|  |TAMS 0x00000000d0600000| PB 0x00000000d0600000| Untracked |  0
| 263|0x00000000d0700000, 0x00000000d0800000, 0x00000000d0800000|100%| O|  |TAMS 0x00000000d0700000| PB 0x00000000d0700000| Untracked |  0
| 264|0x00000000d0800000, 0x00000000d0900000, 0x00000000d0900000|100%| O|  |TAMS 0x00000000d0800000| PB 0x00000000d0800000| Untracked |  0
| 265|0x00000000d0900000, 0x00000000d0a00000, 0x00000000d0a00000|100%| O|  |TAMS 0x00000000d0900000| PB 0x00000000d0900000| Untracked |  0
| 266|0x00000000d0a00000, 0x00000000d0b00000, 0x00000000d0b00000|100%| O|  |TAMS 0x00000000d0a00000| PB 0x00000000d0a00000| Untracked |  0
| 267|0x00000000d0b00000, 0x00000000d0c00000, 0x00000000d0c00000|100%| O|  |TAMS 0x00000000d0b00000| PB 0x00000000d0b00000| Untracked |  0
| 268|0x00000000d0c00000, 0x00000000d0d00000, 0x00000000d0d00000|100%| O|  |TAMS 0x00000000d0c00000| PB 0x00000000d0c00000| Untracked |  0
| 269|0x00000000d0d00000, 0x00000000d0e00000, 0x00000000d0e00000|100%| O|  |TAMS 0x00000000d0d00000| PB 0x00000000d0d00000| Untracked |  0
| 270|0x00000000d0e00000, 0x00000000d0f00000, 0x00000000d0f00000|100%| O|  |TAMS 0x00000000d0e00000| PB 0x00000000d0e00000| Untracked |  0
| 271|0x00000000d0f00000, 0x00000000d1000000, 0x00000000d1000000|100%| O|  |TAMS 0x00000000d0f00000| PB 0x00000000d0f00000| Untracked |  0
| 272|0x00000000d1000000, 0x00000000d1100000, 0x00000000d1100000|100%| O|  |TAMS 0x00000000d1000000| PB 0x00000000d1000000| Untracked |  0
| 273|0x00000000d1100000, 0x00000000d1200000, 0x00000000d1200000|100%| O|  |TAMS 0x00000000d1100000| PB 0x00000000d1100000| Untracked |  0
| 274|0x00000000d1200000, 0x00000000d1300000, 0x00000000d1300000|100%| O|  |TAMS 0x00000000d1200000| PB 0x00000000d1200000| Untracked |  0
| 275|0x00000000d1300000, 0x00000000d1400000, 0x00000000d1400000|100%| O|  |TAMS 0x00000000d1300000| PB 0x00000000d1300000| Untracked |  0
| 276|0x00000000d1400000, 0x00000000d1400000, 0x00000000d1500000|  0%| F|  |TAMS 0x00000000d1400000| PB 0x00000000d1400000| Untracked |  0
| 277|0x00000000d1500000, 0x00000000d1600000, 0x00000000d1600000|100%| O|  |TAMS 0x00000000d1500000| PB 0x00000000d1500000| Untracked |  0
| 278|0x00000000d1600000, 0x00000000d1700000, 0x00000000d1700000|100%| O|  |TAMS 0x00000000d1600000| PB 0x00000000d1600000| Untracked |  0
| 279|0x00000000d1700000, 0x00000000d1700000, 0x00000000d1800000|  0%| F|  |TAMS 0x00000000d1700000| PB 0x00000000d1700000| Untracked |  0
| 280|0x00000000d1800000, 0x00000000d1800000, 0x00000000d1900000|  0%| F|  |TAMS 0x00000000d1800000| PB 0x00000000d1800000| Untracked |  0
| 281|0x00000000d1900000, 0x00000000d1900000, 0x00000000d1a00000|  0%| F|  |TAMS 0x00000000d1900000| PB 0x00000000d1900000| Untracked |  0
| 282|0x00000000d1a00000, 0x00000000d1b00000, 0x00000000d1b00000|100%|HS|  |TAMS 0x00000000d1a00000| PB 0x00000000d1a00000| Complete |  0
| 283|0x00000000d1b00000, 0x00000000d1c00000, 0x00000000d1c00000|100%|HS|  |TAMS 0x00000000d1b00000| PB 0x00000000d1b00000| Complete |  0
| 284|0x00000000d1c00000, 0x00000000d1d00000, 0x00000000d1d00000|100%| O|  |TAMS 0x00000000d1c00000| PB 0x00000000d1c00000| Untracked |  0
| 285|0x00000000d1d00000, 0x00000000d1e00000, 0x00000000d1e00000|100%| O|  |TAMS 0x00000000d1d00000| PB 0x00000000d1d00000| Untracked |  0
| 286|0x00000000d1e00000, 0x00000000d1f00000, 0x00000000d1f00000|100%| O|  |TAMS 0x00000000d1e00000| PB 0x00000000d1e00000| Untracked |  0
| 287|0x00000000d1f00000, 0x00000000d2000000, 0x00000000d2000000|100%| O|  |TAMS 0x00000000d1f00000| PB 0x00000000d1f00000| Untracked |  0
| 288|0x00000000d2000000, 0x00000000d2100000, 0x00000000d2100000|100%| O|  |TAMS 0x00000000d2000000| PB 0x00000000d2000000| Untracked |  0
| 289|0x00000000d2100000, 0x00000000d2200000, 0x00000000d2200000|100%| O|  |TAMS 0x00000000d2100000| PB 0x00000000d2100000| Untracked |  0
| 290|0x00000000d2200000, 0x00000000d2300000, 0x00000000d2300000|100%| O|  |TAMS 0x00000000d2200000| PB 0x00000000d2200000| Untracked |  0
| 291|0x00000000d2300000, 0x00000000d2400000, 0x00000000d2400000|100%| O|  |TAMS 0x00000000d2300000| PB 0x00000000d2300000| Untracked |  0
| 292|0x00000000d2400000, 0x00000000d2500000, 0x00000000d2500000|100%| O|  |TAMS 0x00000000d2400000| PB 0x00000000d2400000| Untracked |  0
| 293|0x00000000d2500000, 0x00000000d2600000, 0x00000000d2600000|100%| O|  |TAMS 0x00000000d2500000| PB 0x00000000d2500000| Untracked |  0
| 294|0x00000000d2600000, 0x00000000d2700000, 0x00000000d2700000|100%| O|  |TAMS 0x00000000d2600000| PB 0x00000000d2600000| Untracked |  0
| 295|0x00000000d2700000, 0x00000000d2700000, 0x00000000d2800000|  0%| F|  |TAMS 0x00000000d2700000| PB 0x00000000d2700000| Untracked |  0
| 296|0x00000000d2800000, 0x00000000d2900000, 0x00000000d2900000|100%| O|  |TAMS 0x00000000d2800000| PB 0x00000000d2800000| Untracked |  0
| 297|0x00000000d2900000, 0x00000000d2a00000, 0x00000000d2a00000|100%| O|  |TAMS 0x00000000d2900000| PB 0x00000000d2900000| Untracked |  0
| 298|0x00000000d2a00000, 0x00000000d2b00000, 0x00000000d2b00000|100%| O|  |TAMS 0x00000000d2a00000| PB 0x00000000d2a00000| Untracked |  0
| 299|0x00000000d2b00000, 0x00000000d2c00000, 0x00000000d2c00000|100%|HS|  |TAMS 0x00000000d2b00000| PB 0x00000000d2b00000| Complete |  0
| 300|0x00000000d2c00000, 0x00000000d2d00000, 0x00000000d2d00000|100%|HS|  |TAMS 0x00000000d2c00000| PB 0x00000000d2c00000| Complete |  0
| 301|0x00000000d2d00000, 0x00000000d2e00000, 0x00000000d2e00000|100%| O|  |TAMS 0x00000000d2d00000| PB 0x00000000d2d00000| Untracked |  0
| 302|0x00000000d2e00000, 0x00000000d2f00000, 0x00000000d2f00000|100%| O|  |TAMS 0x00000000d2e00000| PB 0x00000000d2e00000| Untracked |  0
| 303|0x00000000d2f00000, 0x00000000d3000000, 0x00000000d3000000|100%| O|  |TAMS 0x00000000d2f00000| PB 0x00000000d2f00000| Untracked |  0
| 304|0x00000000d3000000, 0x00000000d3100000, 0x00000000d3100000|100%| O|  |TAMS 0x00000000d3000000| PB 0x00000000d3000000| Untracked |  0
| 305|0x00000000d3100000, 0x00000000d3200000, 0x00000000d3200000|100%| O|  |TAMS 0x00000000d3100000| PB 0x00000000d3100000| Untracked |  0
| 306|0x00000000d3200000, 0x00000000d3300000, 0x00000000d3300000|100%| O|  |TAMS 0x00000000d3200000| PB 0x00000000d3200000| Untracked |  0
| 307|0x00000000d3300000, 0x00000000d3400000, 0x00000000d3400000|100%| O|  |TAMS 0x00000000d3300000| PB 0x00000000d3300000| Untracked |  0
| 308|0x00000000d3400000, 0x00000000d3500000, 0x00000000d3500000|100%| O|  |TAMS 0x00000000d3400000| PB 0x00000000d3400000| Untracked |  0
| 309|0x00000000d3500000, 0x00000000d3573eb0, 0x00000000d3600000| 45%| O|  |TAMS 0x00000000d3500000| PB 0x00000000d3500000| Untracked |  0
| 310|0x00000000d3600000, 0x00000000d3700000, 0x00000000d3700000|100%| O|  |TAMS 0x00000000d3600000| PB 0x00000000d3600000| Untracked |  0
| 311|0x00000000d3700000, 0x00000000d3800000, 0x00000000d3800000|100%| O|  |TAMS 0x00000000d3700000| PB 0x00000000d3700000| Untracked |  0
| 312|0x00000000d3800000, 0x00000000d3800000, 0x00000000d3900000|  0%| F|  |TAMS 0x00000000d3800000| PB 0x00000000d3800000| Untracked |  0
| 313|0x00000000d3900000, 0x00000000d3900000, 0x00000000d3a00000|  0%| F|  |TAMS 0x00000000d3900000| PB 0x00000000d3900000| Untracked |  0
| 314|0x00000000d3a00000, 0x00000000d3a00000, 0x00000000d3b00000|  0%| F|  |TAMS 0x00000000d3a00000| PB 0x00000000d3a00000| Untracked |  0
| 315|0x00000000d3b00000, 0x00000000d3b00000, 0x00000000d3c00000|  0%| F|  |TAMS 0x00000000d3b00000| PB 0x00000000d3b00000| Untracked |  0
| 316|0x00000000d3c00000, 0x00000000d3c00000, 0x00000000d3d00000|  0%| F|  |TAMS 0x00000000d3c00000| PB 0x00000000d3c00000| Untracked |  0
| 317|0x00000000d3d00000, 0x00000000d3e00000, 0x00000000d3e00000|100%|HS|  |TAMS 0x00000000d3d00000| PB 0x00000000d3d00000| Complete |  0
| 318|0x00000000d3e00000, 0x00000000d3f00000, 0x00000000d3f00000|100%|HC|  |TAMS 0x00000000d3e00000| PB 0x00000000d3e00000| Complete |  0
| 319|0x00000000d3f00000, 0x00000000d4000000, 0x00000000d4000000|100%|HC|  |TAMS 0x00000000d3f00000| PB 0x00000000d3f00000| Complete |  0
| 320|0x00000000d4000000, 0x00000000d4100000, 0x00000000d4100000|100%|HC|  |TAMS 0x00000000d4000000| PB 0x00000000d4000000| Complete |  0
| 321|0x00000000d4100000, 0x00000000d4200000, 0x00000000d4200000|100%|HC|  |TAMS 0x00000000d4100000| PB 0x00000000d4100000| Complete |  0
| 322|0x00000000d4200000, 0x00000000d4300000, 0x00000000d4300000|100%|HC|  |TAMS 0x00000000d4200000| PB 0x00000000d4200000| Complete |  0
| 323|0x00000000d4300000, 0x00000000d4300000, 0x00000000d4400000|  0%| F|  |TAMS 0x00000000d4300000| PB 0x00000000d4300000| Untracked |  0
| 324|0x00000000d4400000, 0x00000000d4400000, 0x00000000d4500000|  0%| F|  |TAMS 0x00000000d4400000| PB 0x00000000d4400000| Untracked |  0
| 325|0x00000000d4500000, 0x00000000d4600000, 0x00000000d4600000|100%| O|  |TAMS 0x00000000d4500000| PB 0x00000000d4500000| Untracked |  0
| 326|0x00000000d4600000, 0x00000000d4600000, 0x00000000d4700000|  0%| F|  |TAMS 0x00000000d4600000| PB 0x00000000d4600000| Untracked |  0
| 327|0x00000000d4700000, 0x00000000d4700000, 0x00000000d4800000|  0%| F|  |TAMS 0x00000000d4700000| PB 0x00000000d4700000| Untracked |  0
| 328|0x00000000d4800000, 0x00000000d4900000, 0x00000000d4900000|100%| O|  |TAMS 0x00000000d4800000| PB 0x00000000d4800000| Untracked |  0
| 329|0x00000000d4900000, 0x00000000d4a00000, 0x00000000d4a00000|100%| O|  |TAMS 0x00000000d4900000| PB 0x00000000d4900000| Untracked |  0
| 330|0x00000000d4a00000, 0x00000000d4b00000, 0x00000000d4b00000|100%| O|  |TAMS 0x00000000d4a00000| PB 0x00000000d4a00000| Untracked |  0
| 331|0x00000000d4b00000, 0x00000000d4c00000, 0x00000000d4c00000|100%| O|  |TAMS 0x00000000d4b00000| PB 0x00000000d4b00000| Untracked |  0
| 332|0x00000000d4c00000, 0x00000000d4d00000, 0x00000000d4d00000|100%| O|  |TAMS 0x00000000d4c00000| PB 0x00000000d4c00000| Untracked |  0
| 333|0x00000000d4d00000, 0x00000000d4e00000, 0x00000000d4e00000|100%| O|  |TAMS 0x00000000d4d00000| PB 0x00000000d4d00000| Untracked |  0
| 334|0x00000000d4e00000, 0x00000000d4f00000, 0x00000000d4f00000|100%| O|  |TAMS 0x00000000d4e00000| PB 0x00000000d4e00000| Untracked |  0
| 335|0x00000000d4f00000, 0x00000000d5000000, 0x00000000d5000000|100%| O|  |TAMS 0x00000000d4f00000| PB 0x00000000d4f00000| Untracked |  0
| 336|0x00000000d5000000, 0x00000000d5000000, 0x00000000d5100000|  0%| F|  |TAMS 0x00000000d5000000| PB 0x00000000d5000000| Untracked |  0
| 337|0x00000000d5100000, 0x00000000d5100000, 0x00000000d5200000|  0%| F|  |TAMS 0x00000000d5100000| PB 0x00000000d5100000| Untracked |  0
| 338|0x00000000d5200000, 0x00000000d5200000, 0x00000000d5300000|  0%| F|  |TAMS 0x00000000d5200000| PB 0x00000000d5200000| Untracked |  0
| 339|0x00000000d5300000, 0x00000000d5300000, 0x00000000d5400000|  0%| F|  |TAMS 0x00000000d5300000| PB 0x00000000d5300000| Untracked |  0
| 340|0x00000000d5400000, 0x00000000d5400000, 0x00000000d5500000|  0%| F|  |TAMS 0x00000000d5400000| PB 0x00000000d5400000| Untracked |  0
| 341|0x00000000d5500000, 0x00000000d5500000, 0x00000000d5600000|  0%| F|  |TAMS 0x00000000d5500000| PB 0x00000000d5500000| Untracked |  0
| 342|0x00000000d5600000, 0x00000000d5700000, 0x00000000d5700000|100%| O|  |TAMS 0x00000000d5600000| PB 0x00000000d5600000| Untracked |  0
| 343|0x00000000d5700000, 0x00000000d5800000, 0x00000000d5800000|100%| O|  |TAMS 0x00000000d5700000| PB 0x00000000d5700000| Untracked |  0
| 344|0x00000000d5800000, 0x00000000d5900000, 0x00000000d5900000|100%| O|  |TAMS 0x00000000d5800000| PB 0x00000000d5800000| Untracked |  0
| 345|0x00000000d5900000, 0x00000000d5a00000, 0x00000000d5a00000|100%| O|  |TAMS 0x00000000d5900000| PB 0x00000000d5900000| Untracked |  0
| 346|0x00000000d5a00000, 0x00000000d5a00000, 0x00000000d5b00000|  0%| F|  |TAMS 0x00000000d5a00000| PB 0x00000000d5a00000| Untracked |  0
| 347|0x00000000d5b00000, 0x00000000d5b00000, 0x00000000d5c00000|  0%| F|  |TAMS 0x00000000d5b00000| PB 0x00000000d5b00000| Untracked |  0
| 348|0x00000000d5c00000, 0x00000000d5c00000, 0x00000000d5d00000|  0%| F|  |TAMS 0x00000000d5c00000| PB 0x00000000d5c00000| Untracked |  0
| 349|0x00000000d5d00000, 0x00000000d5d00000, 0x00000000d5e00000|  0%| F|  |TAMS 0x00000000d5d00000| PB 0x00000000d5d00000| Untracked |  0
| 350|0x00000000d5e00000, 0x00000000d5f00000, 0x00000000d5f00000|100%| O|  |TAMS 0x00000000d5e00000| PB 0x00000000d5e00000| Untracked |  0
| 351|0x00000000d5f00000, 0x00000000d6000000, 0x00000000d6000000|100%| O|  |TAMS 0x00000000d5f00000| PB 0x00000000d5f00000| Untracked |  0
| 352|0x00000000d6000000, 0x00000000d6100000, 0x00000000d6100000|100%| O|  |TAMS 0x00000000d6000000| PB 0x00000000d6000000| Untracked |  0
| 353|0x00000000d6100000, 0x00000000d6100000, 0x00000000d6200000|  0%| F|  |TAMS 0x00000000d6100000| PB 0x00000000d6100000| Untracked |  0
| 354|0x00000000d6200000, 0x00000000d6300000, 0x00000000d6300000|100%| O|  |TAMS 0x00000000d6200000| PB 0x00000000d6200000| Untracked |  0
| 355|0x00000000d6300000, 0x00000000d6400000, 0x00000000d6400000|100%| O|  |TAMS 0x00000000d6300000| PB 0x00000000d6300000| Untracked |  0
| 356|0x00000000d6400000, 0x00000000d6400000, 0x00000000d6500000|  0%| F|  |TAMS 0x00000000d6400000| PB 0x00000000d6400000| Untracked |  0
| 357|0x00000000d6500000, 0x00000000d6600000, 0x00000000d6600000|100%| O|  |TAMS 0x00000000d6500000| PB 0x00000000d6500000| Untracked |  0
| 358|0x00000000d6600000, 0x00000000d6700000, 0x00000000d6700000|100%|HS|  |TAMS 0x00000000d6600000| PB 0x00000000d6600000| Complete |  0
| 359|0x00000000d6700000, 0x00000000d6800000, 0x00000000d6800000|100%|HC|  |TAMS 0x00000000d6700000| PB 0x00000000d6700000| Complete |  0
| 360|0x00000000d6800000, 0x00000000d6900000, 0x00000000d6900000|100%|HS|  |TAMS 0x00000000d6800000| PB 0x00000000d6800000| Complete |  0
| 361|0x00000000d6900000, 0x00000000d6a00000, 0x00000000d6a00000|100%|HC|  |TAMS 0x00000000d6900000| PB 0x00000000d6900000| Complete |  0
| 362|0x00000000d6a00000, 0x00000000d6b00000, 0x00000000d6b00000|100%| O|  |TAMS 0x00000000d6a00000| PB 0x00000000d6a00000| Untracked |  0
| 363|0x00000000d6b00000, 0x00000000d6c00000, 0x00000000d6c00000|100%| O|  |TAMS 0x00000000d6b00000| PB 0x00000000d6b00000| Untracked |  0
| 364|0x00000000d6c00000, 0x00000000d6d00000, 0x00000000d6d00000|100%| O|  |TAMS 0x00000000d6c00000| PB 0x00000000d6c00000| Untracked |  0
| 365|0x00000000d6d00000, 0x00000000d6e00000, 0x00000000d6e00000|100%| O|  |TAMS 0x00000000d6d00000| PB 0x00000000d6d00000| Untracked |  0
| 366|0x00000000d6e00000, 0x00000000d6f00000, 0x00000000d6f00000|100%| O|  |TAMS 0x00000000d6e00000| PB 0x00000000d6e00000| Untracked |  0
| 367|0x00000000d6f00000, 0x00000000d7000000, 0x00000000d7000000|100%| O|  |TAMS 0x00000000d6f00000| PB 0x00000000d6f00000| Untracked |  0
| 368|0x00000000d7000000, 0x00000000d7100000, 0x00000000d7100000|100%| O|  |TAMS 0x00000000d7000000| PB 0x00000000d7000000| Untracked |  0
| 369|0x00000000d7100000, 0x00000000d7200000, 0x00000000d7200000|100%| O|  |TAMS 0x00000000d7100000| PB 0x00000000d7100000| Untracked |  0
| 370|0x00000000d7200000, 0x00000000d7300000, 0x00000000d7300000|100%| O|  |TAMS 0x00000000d7200000| PB 0x00000000d7200000| Untracked |  0
| 371|0x00000000d7300000, 0x00000000d7400000, 0x00000000d7400000|100%| O|  |TAMS 0x00000000d7300000| PB 0x00000000d7300000| Untracked |  0
| 372|0x00000000d7400000, 0x00000000d7500000, 0x00000000d7500000|100%| O|  |TAMS 0x00000000d7400000| PB 0x00000000d7400000| Untracked |  0
| 373|0x00000000d7500000, 0x00000000d7500000, 0x00000000d7600000|  0%| F|  |TAMS 0x00000000d7500000| PB 0x00000000d7500000| Untracked |  0
| 374|0x00000000d7600000, 0x00000000d7600000, 0x00000000d7700000|  0%| F|  |TAMS 0x00000000d7600000| PB 0x00000000d7600000| Untracked |  0
| 375|0x00000000d7700000, 0x00000000d7700000, 0x00000000d7800000|  0%| F|  |TAMS 0x00000000d7700000| PB 0x00000000d7700000| Untracked |  0
| 376|0x00000000d7800000, 0x00000000d7800000, 0x00000000d7900000|  0%| F|  |TAMS 0x00000000d7800000| PB 0x00000000d7800000| Untracked |  0
| 377|0x00000000d7900000, 0x00000000d7900000, 0x00000000d7a00000|  0%| F|  |TAMS 0x00000000d7900000| PB 0x00000000d7900000| Untracked |  0
| 378|0x00000000d7a00000, 0x00000000d7a00000, 0x00000000d7b00000|  0%| F|  |TAMS 0x00000000d7a00000| PB 0x00000000d7a00000| Untracked |  0
| 379|0x00000000d7b00000, 0x00000000d7c00000, 0x00000000d7c00000|100%| O|  |TAMS 0x00000000d7b00000| PB 0x00000000d7b00000| Untracked |  0
| 380|0x00000000d7c00000, 0x00000000d7c00000, 0x00000000d7d00000|  0%| F|  |TAMS 0x00000000d7c00000| PB 0x00000000d7c00000| Untracked |  0
| 381|0x00000000d7d00000, 0x00000000d7d00000, 0x00000000d7e00000|  0%| F|  |TAMS 0x00000000d7d00000| PB 0x00000000d7d00000| Untracked |  0
| 382|0x00000000d7e00000, 0x00000000d7e00000, 0x00000000d7f00000|  0%| F|  |TAMS 0x00000000d7e00000| PB 0x00000000d7e00000| Untracked |  0
| 383|0x00000000d7f00000, 0x00000000d7f00000, 0x00000000d8000000|  0%| F|  |TAMS 0x00000000d7f00000| PB 0x00000000d7f00000| Untracked |  0
| 384|0x00000000d8000000, 0x00000000d8000000, 0x00000000d8100000|  0%| F|  |TAMS 0x00000000d8000000| PB 0x00000000d8000000| Untracked |  0
| 385|0x00000000d8100000, 0x00000000d8100000, 0x00000000d8200000|  0%| F|  |TAMS 0x00000000d8100000| PB 0x00000000d8100000| Untracked |  0
| 386|0x00000000d8200000, 0x00000000d8200000, 0x00000000d8300000|  0%| F|  |TAMS 0x00000000d8200000| PB 0x00000000d8200000| Untracked |  0
| 387|0x00000000d8300000, 0x00000000d8300000, 0x00000000d8400000|  0%| F|  |TAMS 0x00000000d8300000| PB 0x00000000d8300000| Untracked |  0
| 388|0x00000000d8400000, 0x00000000d8400000, 0x00000000d8500000|  0%| F|  |TAMS 0x00000000d8400000| PB 0x00000000d8400000| Untracked |  0
| 389|0x00000000d8500000, 0x00000000d8500000, 0x00000000d8600000|  0%| F|  |TAMS 0x00000000d8500000| PB 0x00000000d8500000| Untracked |  0
| 390|0x00000000d8600000, 0x00000000d8600000, 0x00000000d8700000|  0%| F|  |TAMS 0x00000000d8600000| PB 0x00000000d8600000| Untracked |  0
| 391|0x00000000d8700000, 0x00000000d8700000, 0x00000000d8800000|  0%| F|  |TAMS 0x00000000d8700000| PB 0x00000000d8700000| Untracked |  0
| 392|0x00000000d8800000, 0x00000000d8800000, 0x00000000d8900000|  0%| F|  |TAMS 0x00000000d8800000| PB 0x00000000d8800000| Untracked |  0
| 393|0x00000000d8900000, 0x00000000d8a00000, 0x00000000d8a00000|100%| O|  |TAMS 0x00000000d8900000| PB 0x00000000d8900000| Untracked |  0
| 394|0x00000000d8a00000, 0x00000000d8a00000, 0x00000000d8b00000|  0%| F|  |TAMS 0x00000000d8a00000| PB 0x00000000d8a00000| Untracked |  0
| 395|0x00000000d8b00000, 0x00000000d8b00000, 0x00000000d8c00000|  0%| F|  |TAMS 0x00000000d8b00000| PB 0x00000000d8b00000| Untracked |  0
| 396|0x00000000d8c00000, 0x00000000d8c00000, 0x00000000d8d00000|  0%| F|  |TAMS 0x00000000d8c00000| PB 0x00000000d8c00000| Untracked |  0
| 397|0x00000000d8d00000, 0x00000000d8d00000, 0x00000000d8e00000|  0%| F|  |TAMS 0x00000000d8d00000| PB 0x00000000d8d00000| Untracked |  0
| 398|0x00000000d8e00000, 0x00000000d8e00000, 0x00000000d8f00000|  0%| F|  |TAMS 0x00000000d8e00000| PB 0x00000000d8e00000| Untracked |  0
| 399|0x00000000d8f00000, 0x00000000d8f00000, 0x00000000d9000000|  0%| F|  |TAMS 0x00000000d8f00000| PB 0x00000000d8f00000| Untracked |  0
| 400|0x00000000d9000000, 0x00000000d9000000, 0x00000000d9100000|  0%| F|  |TAMS 0x00000000d9000000| PB 0x00000000d9000000| Untracked |  0
| 401|0x00000000d9100000, 0x00000000d9100000, 0x00000000d9200000|  0%| F|  |TAMS 0x00000000d9100000| PB 0x00000000d9100000| Untracked |  0
| 402|0x00000000d9200000, 0x00000000d9200000, 0x00000000d9300000|  0%| F|  |TAMS 0x00000000d9200000| PB 0x00000000d9200000| Untracked |  0
| 403|0x00000000d9300000, 0x00000000d9300000, 0x00000000d9400000|  0%| F|  |TAMS 0x00000000d9300000| PB 0x00000000d9300000| Untracked |  0
| 404|0x00000000d9400000, 0x00000000d9400000, 0x00000000d9500000|  0%| F|  |TAMS 0x00000000d9400000| PB 0x00000000d9400000| Untracked |  0
| 405|0x00000000d9500000, 0x00000000d9500000, 0x00000000d9600000|  0%| F|  |TAMS 0x00000000d9500000| PB 0x00000000d9500000| Untracked |  0
| 406|0x00000000d9600000, 0x00000000d9600000, 0x00000000d9700000|  0%| F|  |TAMS 0x00000000d9600000| PB 0x00000000d9600000| Untracked |  0
| 407|0x00000000d9700000, 0x00000000d9700000, 0x00000000d9800000|  0%| F|  |TAMS 0x00000000d9700000| PB 0x00000000d9700000| Untracked |  0
| 408|0x00000000d9800000, 0x00000000d9800000, 0x00000000d9900000|  0%| F|  |TAMS 0x00000000d9800000| PB 0x00000000d9800000| Untracked |  0
| 409|0x00000000d9900000, 0x00000000d9900000, 0x00000000d9a00000|  0%| F|  |TAMS 0x00000000d9900000| PB 0x00000000d9900000| Untracked |  0
| 410|0x00000000d9a00000, 0x00000000d9a00000, 0x00000000d9b00000|  0%| F|  |TAMS 0x00000000d9a00000| PB 0x00000000d9a00000| Untracked |  0
| 411|0x00000000d9b00000, 0x00000000d9b00000, 0x00000000d9c00000|  0%| F|  |TAMS 0x00000000d9b00000| PB 0x00000000d9b00000| Untracked |  0
| 412|0x00000000d9c00000, 0x00000000d9c00000, 0x00000000d9d00000|  0%| F|  |TAMS 0x00000000d9c00000| PB 0x00000000d9c00000| Untracked |  0
| 413|0x00000000d9d00000, 0x00000000d9d00000, 0x00000000d9e00000|  0%| F|  |TAMS 0x00000000d9d00000| PB 0x00000000d9d00000| Untracked |  0
| 414|0x00000000d9e00000, 0x00000000d9e00000, 0x00000000d9f00000|  0%| F|  |TAMS 0x00000000d9e00000| PB 0x00000000d9e00000| Untracked |  0
| 415|0x00000000d9f00000, 0x00000000d9f00000, 0x00000000da000000|  0%| F|  |TAMS 0x00000000d9f00000| PB 0x00000000d9f00000| Untracked |  0
| 416|0x00000000da000000, 0x00000000da000000, 0x00000000da100000|  0%| F|  |TAMS 0x00000000da000000| PB 0x00000000da000000| Untracked |  0
| 417|0x00000000da100000, 0x00000000da100000, 0x00000000da200000|  0%| F|  |TAMS 0x00000000da100000| PB 0x00000000da100000| Untracked |  0
| 418|0x00000000da200000, 0x00000000da200000, 0x00000000da300000|  0%| F|  |TAMS 0x00000000da200000| PB 0x00000000da200000| Untracked |  0
| 419|0x00000000da300000, 0x00000000da300000, 0x00000000da400000|  0%| F|  |TAMS 0x00000000da300000| PB 0x00000000da300000| Untracked |  0
| 420|0x00000000da400000, 0x00000000da400000, 0x00000000da500000|  0%| F|  |TAMS 0x00000000da400000| PB 0x00000000da400000| Untracked |  0
| 421|0x00000000da500000, 0x00000000da500000, 0x00000000da600000|  0%| F|  |TAMS 0x00000000da500000| PB 0x00000000da500000| Untracked |  0
| 422|0x00000000da600000, 0x00000000da600000, 0x00000000da700000|  0%| F|  |TAMS 0x00000000da600000| PB 0x00000000da600000| Untracked |  0
| 423|0x00000000da700000, 0x00000000da700000, 0x00000000da800000|  0%| F|  |TAMS 0x00000000da700000| PB 0x00000000da700000| Untracked |  0
| 424|0x00000000da800000, 0x00000000da800000, 0x00000000da900000|  0%| F|  |TAMS 0x00000000da800000| PB 0x00000000da800000| Untracked |  0
| 425|0x00000000da900000, 0x00000000da900000, 0x00000000daa00000|  0%| F|  |TAMS 0x00000000da900000| PB 0x00000000da900000| Untracked |  0
| 426|0x00000000daa00000, 0x00000000daa00000, 0x00000000dab00000|  0%| F|  |TAMS 0x00000000daa00000| PB 0x00000000daa00000| Untracked |  0
| 427|0x00000000dab00000, 0x00000000dab00000, 0x00000000dac00000|  0%| F|  |TAMS 0x00000000dab00000| PB 0x00000000dab00000| Untracked |  0
| 428|0x00000000dac00000, 0x00000000dac00000, 0x00000000dad00000|  0%| F|  |TAMS 0x00000000dac00000| PB 0x00000000dac00000| Untracked |  0
| 429|0x00000000dad00000, 0x00000000dad00000, 0x00000000dae00000|  0%| F|  |TAMS 0x00000000dad00000| PB 0x00000000dad00000| Untracked |  0
| 430|0x00000000dae00000, 0x00000000dae00000, 0x00000000daf00000|  0%| F|  |TAMS 0x00000000dae00000| PB 0x00000000dae00000| Untracked |  0
| 431|0x00000000daf00000, 0x00000000daf00000, 0x00000000db000000|  0%| F|  |TAMS 0x00000000daf00000| PB 0x00000000daf00000| Untracked |  0
| 432|0x00000000db000000, 0x00000000db000000, 0x00000000db100000|  0%| F|  |TAMS 0x00000000db000000| PB 0x00000000db000000| Untracked |  0
| 433|0x00000000db100000, 0x00000000db100000, 0x00000000db200000|  0%| F|  |TAMS 0x00000000db100000| PB 0x00000000db100000| Untracked |  0
| 434|0x00000000db200000, 0x00000000db200000, 0x00000000db300000|  0%| F|  |TAMS 0x00000000db200000| PB 0x00000000db200000| Untracked |  0
| 435|0x00000000db300000, 0x00000000db300000, 0x00000000db400000|  0%| F|  |TAMS 0x00000000db300000| PB 0x00000000db300000| Untracked |  0
| 436|0x00000000db400000, 0x00000000db400000, 0x00000000db500000|  0%| F|  |TAMS 0x00000000db400000| PB 0x00000000db400000| Untracked |  0
| 437|0x00000000db500000, 0x00000000db500000, 0x00000000db600000|  0%| F|  |TAMS 0x00000000db500000| PB 0x00000000db500000| Untracked |  0
| 438|0x00000000db600000, 0x00000000db600000, 0x00000000db700000|  0%| F|  |TAMS 0x00000000db600000| PB 0x00000000db600000| Untracked |  0
| 439|0x00000000db700000, 0x00000000db700000, 0x00000000db800000|  0%| F|  |TAMS 0x00000000db700000| PB 0x00000000db700000| Untracked |  0
| 440|0x00000000db800000, 0x00000000db8494a0, 0x00000000db900000| 28%| S|CS|TAMS 0x00000000db800000| PB 0x00000000db800000| Complete |  0
| 441|0x00000000db900000, 0x00000000dba00000, 0x00000000dba00000|100%| S|CS|TAMS 0x00000000db900000| PB 0x00000000db900000| Complete |  0
| 442|0x00000000dba00000, 0x00000000dbb00000, 0x00000000dbb00000|100%| S|CS|TAMS 0x00000000dba00000| PB 0x00000000dba00000| Complete |  0
| 443|0x00000000dbb00000, 0x00000000dbc00000, 0x00000000dbc00000|100%| S|CS|TAMS 0x00000000dbb00000| PB 0x00000000dbb00000| Complete |  0
| 444|0x00000000dbc00000, 0x00000000dbd00000, 0x00000000dbd00000|100%| S|CS|TAMS 0x00000000dbc00000| PB 0x00000000dbc00000| Complete |  0
| 445|0x00000000dbd00000, 0x00000000dbe00000, 0x00000000dbe00000|100%| S|CS|TAMS 0x00000000dbd00000| PB 0x00000000dbd00000| Complete |  0
| 446|0x00000000dbe00000, 0x00000000dbf00000, 0x00000000dbf00000|100%| S|CS|TAMS 0x00000000dbe00000| PB 0x00000000dbe00000| Complete |  0
| 447|0x00000000dbf00000, 0x00000000dc000000, 0x00000000dc000000|100%| S|CS|TAMS 0x00000000dbf00000| PB 0x00000000dbf00000| Complete |  0
| 448|0x00000000dc000000, 0x00000000dc100000, 0x00000000dc100000|100%| S|CS|TAMS 0x00000000dc000000| PB 0x00000000dc000000| Complete |  0
| 449|0x00000000dc100000, 0x00000000dc200000, 0x00000000dc200000|100%| S|CS|TAMS 0x00000000dc100000| PB 0x00000000dc100000| Complete |  0
| 450|0x00000000dc200000, 0x00000000dc300000, 0x00000000dc300000|100%| S|CS|TAMS 0x00000000dc200000| PB 0x00000000dc200000| Complete |  0
| 451|0x00000000dc300000, 0x00000000dc400000, 0x00000000dc400000|100%| S|CS|TAMS 0x00000000dc300000| PB 0x00000000dc300000| Complete |  0
| 452|0x00000000dc400000, 0x00000000dc500000, 0x00000000dc500000|100%| S|CS|TAMS 0x00000000dc400000| PB 0x00000000dc400000| Complete |  0
| 453|0x00000000dc500000, 0x00000000dc600000, 0x00000000dc600000|100%| S|CS|TAMS 0x00000000dc500000| PB 0x00000000dc500000| Complete |  0
| 454|0x00000000dc600000, 0x00000000dc700000, 0x00000000dc700000|100%| S|CS|TAMS 0x00000000dc600000| PB 0x00000000dc600000| Complete |  0
| 455|0x00000000dc700000, 0x00000000dc800000, 0x00000000dc800000|100%| S|CS|TAMS 0x00000000dc700000| PB 0x00000000dc700000| Complete |  0
| 456|0x00000000dc800000, 0x00000000dc900000, 0x00000000dc900000|100%| S|CS|TAMS 0x00000000dc800000| PB 0x00000000dc800000| Complete |  0
| 457|0x00000000dc900000, 0x00000000dca00000, 0x00000000dca00000|100%| S|CS|TAMS 0x00000000dc900000| PB 0x00000000dc900000| Complete |  0
| 458|0x00000000dca00000, 0x00000000dcb00000, 0x00000000dcb00000|100%| S|CS|TAMS 0x00000000dca00000| PB 0x00000000dca00000| Complete |  0
| 459|0x00000000dcb00000, 0x00000000dcc00000, 0x00000000dcc00000|100%| S|CS|TAMS 0x00000000dcb00000| PB 0x00000000dcb00000| Complete |  0
| 460|0x00000000dcc00000, 0x00000000dcd00000, 0x00000000dcd00000|100%| S|CS|TAMS 0x00000000dcc00000| PB 0x00000000dcc00000| Complete |  0
| 461|0x00000000dcd00000, 0x00000000dce00000, 0x00000000dce00000|100%| S|CS|TAMS 0x00000000dcd00000| PB 0x00000000dcd00000| Complete |  0
| 462|0x00000000dce00000, 0x00000000dcf00000, 0x00000000dcf00000|100%| S|CS|TAMS 0x00000000dce00000| PB 0x00000000dce00000| Complete |  0
| 463|0x00000000dcf00000, 0x00000000dd000000, 0x00000000dd000000|100%| S|CS|TAMS 0x00000000dcf00000| PB 0x00000000dcf00000| Complete |  0
| 464|0x00000000dd000000, 0x00000000dd100000, 0x00000000dd100000|100%| S|CS|TAMS 0x00000000dd000000| PB 0x00000000dd000000| Complete |  0
| 465|0x00000000dd100000, 0x00000000dd200000, 0x00000000dd200000|100%| S|CS|TAMS 0x00000000dd100000| PB 0x00000000dd100000| Complete |  0
| 466|0x00000000dd200000, 0x00000000dd300000, 0x00000000dd300000|100%| S|CS|TAMS 0x00000000dd200000| PB 0x00000000dd200000| Complete |  0
| 467|0x00000000dd300000, 0x00000000dd400000, 0x00000000dd400000|100%| S|CS|TAMS 0x00000000dd300000| PB 0x00000000dd300000| Complete |  0
| 468|0x00000000dd400000, 0x00000000dd500000, 0x00000000dd500000|100%| S|CS|TAMS 0x00000000dd400000| PB 0x00000000dd400000| Complete |  0
| 469|0x00000000dd500000, 0x00000000dd600000, 0x00000000dd600000|100%| S|CS|TAMS 0x00000000dd500000| PB 0x00000000dd500000| Complete |  0
| 470|0x00000000dd600000, 0x00000000dd700000, 0x00000000dd700000|100%| S|CS|TAMS 0x00000000dd600000| PB 0x00000000dd600000| Complete |  0
| 471|0x00000000dd700000, 0x00000000dd800000, 0x00000000dd800000|100%| S|CS|TAMS 0x00000000dd700000| PB 0x00000000dd700000| Complete |  0
| 472|0x00000000dd800000, 0x00000000dd900000, 0x00000000dd900000|100%| S|CS|TAMS 0x00000000dd800000| PB 0x00000000dd800000| Complete |  0
| 473|0x00000000dd900000, 0x00000000dda00000, 0x00000000dda00000|100%| S|CS|TAMS 0x00000000dd900000| PB 0x00000000dd900000| Complete |  0
| 474|0x00000000dda00000, 0x00000000dda00000, 0x00000000ddb00000|  0%| F|  |TAMS 0x00000000dda00000| PB 0x00000000dda00000| Untracked |  0
| 475|0x00000000ddb00000, 0x00000000ddb00000, 0x00000000ddc00000|  0%| F|  |TAMS 0x00000000ddb00000| PB 0x00000000ddb00000| Untracked |  0
| 476|0x00000000ddc00000, 0x00000000ddc00000, 0x00000000ddd00000|  0%| F|  |TAMS 0x00000000ddc00000| PB 0x00000000ddc00000| Untracked |  0
| 477|0x00000000ddd00000, 0x00000000ddd00000, 0x00000000dde00000|  0%| F|  |TAMS 0x00000000ddd00000| PB 0x00000000ddd00000| Untracked |  0
| 478|0x00000000dde00000, 0x00000000dde00000, 0x00000000ddf00000|  0%| F|  |TAMS 0x00000000dde00000| PB 0x00000000dde00000| Untracked |  0
| 479|0x00000000ddf00000, 0x00000000ddf00000, 0x00000000de000000|  0%| F|  |TAMS 0x00000000ddf00000| PB 0x00000000ddf00000| Untracked |  0
| 480|0x00000000de000000, 0x00000000de000000, 0x00000000de100000|  0%| F|  |TAMS 0x00000000de000000| PB 0x00000000de000000| Untracked |  0
| 481|0x00000000de100000, 0x00000000de100000, 0x00000000de200000|  0%| F|  |TAMS 0x00000000de100000| PB 0x00000000de100000| Untracked |  0
| 482|0x00000000de200000, 0x00000000de200000, 0x00000000de300000|  0%| F|  |TAMS 0x00000000de200000| PB 0x00000000de200000| Untracked |  0
| 483|0x00000000de300000, 0x00000000de300000, 0x00000000de400000|  0%| F|  |TAMS 0x00000000de300000| PB 0x00000000de300000| Untracked |  0
| 484|0x00000000de400000, 0x00000000de400000, 0x00000000de500000|  0%| F|  |TAMS 0x00000000de400000| PB 0x00000000de400000| Untracked |  0
| 485|0x00000000de500000, 0x00000000de500000, 0x00000000de600000|  0%| F|  |TAMS 0x00000000de500000| PB 0x00000000de500000| Untracked |  0
| 486|0x00000000de600000, 0x00000000de600000, 0x00000000de700000|  0%| F|  |TAMS 0x00000000de600000| PB 0x00000000de600000| Untracked |  0
| 487|0x00000000de700000, 0x00000000de700000, 0x00000000de800000|  0%| F|  |TAMS 0x00000000de700000| PB 0x00000000de700000| Untracked |  0
| 488|0x00000000de800000, 0x00000000de800000, 0x00000000de900000|  0%| F|  |TAMS 0x00000000de800000| PB 0x00000000de800000| Untracked |  0
| 489|0x00000000de900000, 0x00000000de900000, 0x00000000dea00000|  0%| F|  |TAMS 0x00000000de900000| PB 0x00000000de900000| Untracked |  0
| 490|0x00000000dea00000, 0x00000000dea00000, 0x00000000deb00000|  0%| F|  |TAMS 0x00000000dea00000| PB 0x00000000dea00000| Untracked |  0
| 491|0x00000000deb00000, 0x00000000deb00000, 0x00000000dec00000|  0%| F|  |TAMS 0x00000000deb00000| PB 0x00000000deb00000| Untracked |  0
| 492|0x00000000dec00000, 0x00000000dec00000, 0x00000000ded00000|  0%| F|  |TAMS 0x00000000dec00000| PB 0x00000000dec00000| Untracked |  0
| 493|0x00000000ded00000, 0x00000000ded00000, 0x00000000dee00000|  0%| F|  |TAMS 0x00000000ded00000| PB 0x00000000ded00000| Untracked |  0
| 494|0x00000000dee00000, 0x00000000dee00000, 0x00000000def00000|  0%| F|  |TAMS 0x00000000dee00000| PB 0x00000000dee00000| Untracked |  0
| 495|0x00000000def00000, 0x00000000def00000, 0x00000000df000000|  0%| F|  |TAMS 0x00000000def00000| PB 0x00000000def00000| Untracked |  0
| 496|0x00000000df000000, 0x00000000df000000, 0x00000000df100000|  0%| F|  |TAMS 0x00000000df000000| PB 0x00000000df000000| Untracked |  0
| 497|0x00000000df100000, 0x00000000df100000, 0x00000000df200000|  0%| F|  |TAMS 0x00000000df100000| PB 0x00000000df100000| Untracked |  0
| 498|0x00000000df200000, 0x00000000df200000, 0x00000000df300000|  0%| F|  |TAMS 0x00000000df200000| PB 0x00000000df200000| Untracked |  0
| 499|0x00000000df300000, 0x00000000df300000, 0x00000000df400000|  0%| F|  |TAMS 0x00000000df300000| PB 0x00000000df300000| Untracked |  0
| 500|0x00000000df400000, 0x00000000df400000, 0x00000000df500000|  0%| F|  |TAMS 0x00000000df400000| PB 0x00000000df400000| Untracked |  0
| 501|0x00000000df500000, 0x00000000df500000, 0x00000000df600000|  0%| F|  |TAMS 0x00000000df500000| PB 0x00000000df500000| Untracked |  0
| 502|0x00000000df600000, 0x00000000df600000, 0x00000000df700000|  0%| F|  |TAMS 0x00000000df600000| PB 0x00000000df600000| Untracked |  0
| 503|0x00000000df700000, 0x00000000df700000, 0x00000000df800000|  0%| F|  |TAMS 0x00000000df700000| PB 0x00000000df700000| Untracked |  0
| 504|0x00000000df800000, 0x00000000df800000, 0x00000000df900000|  0%| F|  |TAMS 0x00000000df800000| PB 0x00000000df800000| Untracked |  0
| 505|0x00000000df900000, 0x00000000df900000, 0x00000000dfa00000|  0%| F|  |TAMS 0x00000000df900000| PB 0x00000000df900000| Untracked |  0
| 506|0x00000000dfa00000, 0x00000000dfa00000, 0x00000000dfb00000|  0%| F|  |TAMS 0x00000000dfa00000| PB 0x00000000dfa00000| Untracked |  0
| 507|0x00000000dfb00000, 0x00000000dfb00000, 0x00000000dfc00000|  0%| F|  |TAMS 0x00000000dfb00000| PB 0x00000000dfb00000| Untracked |  0
| 508|0x00000000dfc00000, 0x00000000dfc00000, 0x00000000dfd00000|  0%| F|  |TAMS 0x00000000dfc00000| PB 0x00000000dfc00000| Untracked |  0
| 509|0x00000000dfd00000, 0x00000000dfd00000, 0x00000000dfe00000|  0%| F|  |TAMS 0x00000000dfd00000| PB 0x00000000dfd00000| Untracked |  0
| 510|0x00000000dfe00000, 0x00000000dfe00000, 0x00000000dff00000|  0%| F|  |TAMS 0x00000000dfe00000| PB 0x00000000dfe00000| Untracked |  0
| 511|0x00000000dff00000, 0x00000000dff00000, 0x00000000e0000000|  0%| F|  |TAMS 0x00000000dff00000| PB 0x00000000dff00000| Untracked |  0
| 512|0x00000000e0000000, 0x00000000e0000000, 0x00000000e0100000|  0%| F|  |TAMS 0x00000000e0000000| PB 0x00000000e0000000| Untracked |  0
| 513|0x00000000e0100000, 0x00000000e0100000, 0x00000000e0200000|  0%| F|  |TAMS 0x00000000e0100000| PB 0x00000000e0100000| Untracked |  0
| 514|0x00000000e0200000, 0x00000000e0200000, 0x00000000e0300000|  0%| F|  |TAMS 0x00000000e0200000| PB 0x00000000e0200000| Untracked |  0
| 515|0x00000000e0300000, 0x00000000e0300000, 0x00000000e0400000|  0%| F|  |TAMS 0x00000000e0300000| PB 0x00000000e0300000| Untracked |  0
| 516|0x00000000e0400000, 0x00000000e0400000, 0x00000000e0500000|  0%| F|  |TAMS 0x00000000e0400000| PB 0x00000000e0400000| Untracked |  0
| 517|0x00000000e0500000, 0x00000000e0500000, 0x00000000e0600000|  0%| F|  |TAMS 0x00000000e0500000| PB 0x00000000e0500000| Untracked |  0
| 518|0x00000000e0600000, 0x00000000e0600000, 0x00000000e0700000|  0%| F|  |TAMS 0x00000000e0600000| PB 0x00000000e0600000| Untracked |  0
| 519|0x00000000e0700000, 0x00000000e0700000, 0x00000000e0800000|  0%| F|  |TAMS 0x00000000e0700000| PB 0x00000000e0700000| Untracked |  0
| 520|0x00000000e0800000, 0x00000000e0800000, 0x00000000e0900000|  0%| F|  |TAMS 0x00000000e0800000| PB 0x00000000e0800000| Untracked |  0
| 521|0x00000000e0900000, 0x00000000e0900000, 0x00000000e0a00000|  0%| F|  |TAMS 0x00000000e0900000| PB 0x00000000e0900000| Untracked |  0
| 522|0x00000000e0a00000, 0x00000000e0a00000, 0x00000000e0b00000|  0%| F|  |TAMS 0x00000000e0a00000| PB 0x00000000e0a00000| Untracked |  0
| 523|0x00000000e0b00000, 0x00000000e0b00000, 0x00000000e0c00000|  0%| F|  |TAMS 0x00000000e0b00000| PB 0x00000000e0b00000| Untracked |  0
| 524|0x00000000e0c00000, 0x00000000e0c00000, 0x00000000e0d00000|  0%| F|  |TAMS 0x00000000e0c00000| PB 0x00000000e0c00000| Untracked |  0
| 525|0x00000000e0d00000, 0x00000000e0d00000, 0x00000000e0e00000|  0%| F|  |TAMS 0x00000000e0d00000| PB 0x00000000e0d00000| Untracked |  0
| 526|0x00000000e0e00000, 0x00000000e0e00000, 0x00000000e0f00000|  0%| F|  |TAMS 0x00000000e0e00000| PB 0x00000000e0e00000| Untracked |  0
| 527|0x00000000e0f00000, 0x00000000e0f00000, 0x00000000e1000000|  0%| F|  |TAMS 0x00000000e0f00000| PB 0x00000000e0f00000| Untracked |  0
| 528|0x00000000e1000000, 0x00000000e1000000, 0x00000000e1100000|  0%| F|  |TAMS 0x00000000e1000000| PB 0x00000000e1000000| Untracked |  0
| 529|0x00000000e1100000, 0x00000000e1100000, 0x00000000e1200000|  0%| F|  |TAMS 0x00000000e1100000| PB 0x00000000e1100000| Untracked |  0
| 530|0x00000000e1200000, 0x00000000e1200000, 0x00000000e1300000|  0%| F|  |TAMS 0x00000000e1200000| PB 0x00000000e1200000| Untracked |  0
| 531|0x00000000e1300000, 0x00000000e1300000, 0x00000000e1400000|  0%| F|  |TAMS 0x00000000e1300000| PB 0x00000000e1300000| Untracked |  0
| 532|0x00000000e1400000, 0x00000000e1400000, 0x00000000e1500000|  0%| F|  |TAMS 0x00000000e1400000| PB 0x00000000e1400000| Untracked |  0
| 533|0x00000000e1500000, 0x00000000e1500000, 0x00000000e1600000|  0%| F|  |TAMS 0x00000000e1500000| PB 0x00000000e1500000| Untracked |  0
| 534|0x00000000e1600000, 0x00000000e1600000, 0x00000000e1700000|  0%| F|  |TAMS 0x00000000e1600000| PB 0x00000000e1600000| Untracked |  0
| 535|0x00000000e1700000, 0x00000000e1700000, 0x00000000e1800000|  0%| F|  |TAMS 0x00000000e1700000| PB 0x00000000e1700000| Untracked |  0
| 536|0x00000000e1800000, 0x00000000e1800000, 0x00000000e1900000|  0%| F|  |TAMS 0x00000000e1800000| PB 0x00000000e1800000| Untracked |  0
| 537|0x00000000e1900000, 0x00000000e1900000, 0x00000000e1a00000|  0%| F|  |TAMS 0x00000000e1900000| PB 0x00000000e1900000| Untracked |  0
| 538|0x00000000e1a00000, 0x00000000e1a00000, 0x00000000e1b00000|  0%| F|  |TAMS 0x00000000e1a00000| PB 0x00000000e1a00000| Untracked |  0
| 539|0x00000000e1b00000, 0x00000000e1b00000, 0x00000000e1c00000|  0%| F|  |TAMS 0x00000000e1b00000| PB 0x00000000e1b00000| Untracked |  0
| 540|0x00000000e1c00000, 0x00000000e1c00000, 0x00000000e1d00000|  0%| F|  |TAMS 0x00000000e1c00000| PB 0x00000000e1c00000| Untracked |  0
| 541|0x00000000e1d00000, 0x00000000e1d00000, 0x00000000e1e00000|  0%| F|  |TAMS 0x00000000e1d00000| PB 0x00000000e1d00000| Untracked |  0
| 542|0x00000000e1e00000, 0x00000000e1e00000, 0x00000000e1f00000|  0%| F|  |TAMS 0x00000000e1e00000| PB 0x00000000e1e00000| Untracked |  0
| 543|0x00000000e1f00000, 0x00000000e1f00000, 0x00000000e2000000|  0%| F|  |TAMS 0x00000000e1f00000| PB 0x00000000e1f00000| Untracked |  0
| 544|0x00000000e2000000, 0x00000000e2000000, 0x00000000e2100000|  0%| F|  |TAMS 0x00000000e2000000| PB 0x00000000e2000000| Untracked |  0
| 545|0x00000000e2100000, 0x00000000e2100000, 0x00000000e2200000|  0%| F|  |TAMS 0x00000000e2100000| PB 0x00000000e2100000| Untracked |  0
| 546|0x00000000e2200000, 0x00000000e2200000, 0x00000000e2300000|  0%| F|  |TAMS 0x00000000e2200000| PB 0x00000000e2200000| Untracked |  0
| 547|0x00000000e2300000, 0x00000000e2300000, 0x00000000e2400000|  0%| F|  |TAMS 0x00000000e2300000| PB 0x00000000e2300000| Untracked |  0
| 548|0x00000000e2400000, 0x00000000e2400000, 0x00000000e2500000|  0%| F|  |TAMS 0x00000000e2400000| PB 0x00000000e2400000| Untracked |  0
| 549|0x00000000e2500000, 0x00000000e2500000, 0x00000000e2600000|  0%| F|  |TAMS 0x00000000e2500000| PB 0x00000000e2500000| Untracked |  0
| 550|0x00000000e2600000, 0x00000000e2600000, 0x00000000e2700000|  0%| F|  |TAMS 0x00000000e2600000| PB 0x00000000e2600000| Untracked |  0
| 551|0x00000000e2700000, 0x00000000e2700000, 0x00000000e2800000|  0%| F|  |TAMS 0x00000000e2700000| PB 0x00000000e2700000| Untracked |  0
| 552|0x00000000e2800000, 0x00000000e2800000, 0x00000000e2900000|  0%| F|  |TAMS 0x00000000e2800000| PB 0x00000000e2800000| Untracked |  0
| 553|0x00000000e2900000, 0x00000000e2900000, 0x00000000e2a00000|  0%| F|  |TAMS 0x00000000e2900000| PB 0x00000000e2900000| Untracked |  0
| 554|0x00000000e2a00000, 0x00000000e2a00000, 0x00000000e2b00000|  0%| F|  |TAMS 0x00000000e2a00000| PB 0x00000000e2a00000| Untracked |  0
| 555|0x00000000e2b00000, 0x00000000e2b00000, 0x00000000e2c00000|  0%| F|  |TAMS 0x00000000e2b00000| PB 0x00000000e2b00000| Untracked |  0
| 556|0x00000000e2c00000, 0x00000000e2c00000, 0x00000000e2d00000|  0%| F|  |TAMS 0x00000000e2c00000| PB 0x00000000e2c00000| Untracked |  0
| 557|0x00000000e2d00000, 0x00000000e2d00000, 0x00000000e2e00000|  0%| F|  |TAMS 0x00000000e2d00000| PB 0x00000000e2d00000| Untracked |  0
| 558|0x00000000e2e00000, 0x00000000e2e00000, 0x00000000e2f00000|  0%| F|  |TAMS 0x00000000e2e00000| PB 0x00000000e2e00000| Untracked |  0
| 559|0x00000000e2f00000, 0x00000000e2f00000, 0x00000000e3000000|  0%| F|  |TAMS 0x00000000e2f00000| PB 0x00000000e2f00000| Untracked |  0
| 560|0x00000000e3000000, 0x00000000e3000000, 0x00000000e3100000|  0%| F|  |TAMS 0x00000000e3000000| PB 0x00000000e3000000| Untracked |  0
| 561|0x00000000e3100000, 0x00000000e3100000, 0x00000000e3200000|  0%| F|  |TAMS 0x00000000e3100000| PB 0x00000000e3100000| Untracked |  0
| 562|0x00000000e3200000, 0x00000000e3200000, 0x00000000e3300000|  0%| F|  |TAMS 0x00000000e3200000| PB 0x00000000e3200000| Untracked |  0
| 563|0x00000000e3300000, 0x00000000e3300000, 0x00000000e3400000|  0%| F|  |TAMS 0x00000000e3300000| PB 0x00000000e3300000| Untracked |  0
| 564|0x00000000e3400000, 0x00000000e3400000, 0x00000000e3500000|  0%| F|  |TAMS 0x00000000e3400000| PB 0x00000000e3400000| Untracked |  0
| 565|0x00000000e3500000, 0x00000000e3500000, 0x00000000e3600000|  0%| F|  |TAMS 0x00000000e3500000| PB 0x00000000e3500000| Untracked |  0
| 566|0x00000000e3600000, 0x00000000e3600000, 0x00000000e3700000|  0%| F|  |TAMS 0x00000000e3600000| PB 0x00000000e3600000| Untracked |  0
| 567|0x00000000e3700000, 0x00000000e3700000, 0x00000000e3800000|  0%| F|  |TAMS 0x00000000e3700000| PB 0x00000000e3700000| Untracked |  0
| 568|0x00000000e3800000, 0x00000000e3800000, 0x00000000e3900000|  0%| F|  |TAMS 0x00000000e3800000| PB 0x00000000e3800000| Untracked |  0
| 569|0x00000000e3900000, 0x00000000e3900000, 0x00000000e3a00000|  0%| F|  |TAMS 0x00000000e3900000| PB 0x00000000e3900000| Untracked |  0
| 570|0x00000000e3a00000, 0x00000000e3a00000, 0x00000000e3b00000|  0%| F|  |TAMS 0x00000000e3a00000| PB 0x00000000e3a00000| Untracked |  0
| 571|0x00000000e3b00000, 0x00000000e3b00000, 0x00000000e3c00000|  0%| F|  |TAMS 0x00000000e3b00000| PB 0x00000000e3b00000| Untracked |  0
| 572|0x00000000e3c00000, 0x00000000e3c00000, 0x00000000e3d00000|  0%| F|  |TAMS 0x00000000e3c00000| PB 0x00000000e3c00000| Untracked |  0
| 573|0x00000000e3d00000, 0x00000000e3d00000, 0x00000000e3e00000|  0%| F|  |TAMS 0x00000000e3d00000| PB 0x00000000e3d00000| Untracked |  0
| 574|0x00000000e3e00000, 0x00000000e3e00000, 0x00000000e3f00000|  0%| F|  |TAMS 0x00000000e3e00000| PB 0x00000000e3e00000| Untracked |  0
| 575|0x00000000e3f00000, 0x00000000e3f00000, 0x00000000e4000000|  0%| F|  |TAMS 0x00000000e3f00000| PB 0x00000000e3f00000| Untracked |  0
| 576|0x00000000e4000000, 0x00000000e4000000, 0x00000000e4100000|  0%| F|  |TAMS 0x00000000e4000000| PB 0x00000000e4000000| Untracked |  0
| 577|0x00000000e4100000, 0x00000000e4100000, 0x00000000e4200000|  0%| F|  |TAMS 0x00000000e4100000| PB 0x00000000e4100000| Untracked |  0
| 578|0x00000000e4200000, 0x00000000e4200000, 0x00000000e4300000|  0%| F|  |TAMS 0x00000000e4200000| PB 0x00000000e4200000| Untracked |  0
| 579|0x00000000e4300000, 0x00000000e4300000, 0x00000000e4400000|  0%| F|  |TAMS 0x00000000e4300000| PB 0x00000000e4300000| Untracked |  0
| 580|0x00000000e4400000, 0x00000000e4400000, 0x00000000e4500000|  0%| F|  |TAMS 0x00000000e4400000| PB 0x00000000e4400000| Untracked |  0
| 581|0x00000000e4500000, 0x00000000e4500000, 0x00000000e4600000|  0%| F|  |TAMS 0x00000000e4500000| PB 0x00000000e4500000| Untracked |  0
| 582|0x00000000e4600000, 0x00000000e4600000, 0x00000000e4700000|  0%| F|  |TAMS 0x00000000e4600000| PB 0x00000000e4600000| Untracked |  0
| 583|0x00000000e4700000, 0x00000000e4700000, 0x00000000e4800000|  0%| F|  |TAMS 0x00000000e4700000| PB 0x00000000e4700000| Untracked |  0
| 584|0x00000000e4800000, 0x00000000e4800000, 0x00000000e4900000|  0%| F|  |TAMS 0x00000000e4800000| PB 0x00000000e4800000| Untracked |  0
| 585|0x00000000e4900000, 0x00000000e4900000, 0x00000000e4a00000|  0%| F|  |TAMS 0x00000000e4900000| PB 0x00000000e4900000| Untracked |  0
| 586|0x00000000e4a00000, 0x00000000e4a00000, 0x00000000e4b00000|  0%| F|  |TAMS 0x00000000e4a00000| PB 0x00000000e4a00000| Untracked |  0
| 587|0x00000000e4b00000, 0x00000000e4b00000, 0x00000000e4c00000|  0%| F|  |TAMS 0x00000000e4b00000| PB 0x00000000e4b00000| Untracked |  0
| 588|0x00000000e4c00000, 0x00000000e4c00000, 0x00000000e4d00000|  0%| F|  |TAMS 0x00000000e4c00000| PB 0x00000000e4c00000| Untracked |  0
| 589|0x00000000e4d00000, 0x00000000e4d00000, 0x00000000e4e00000|  0%| F|  |TAMS 0x00000000e4d00000| PB 0x00000000e4d00000| Untracked |  0
| 590|0x00000000e4e00000, 0x00000000e4e00000, 0x00000000e4f00000|  0%| F|  |TAMS 0x00000000e4e00000| PB 0x00000000e4e00000| Untracked |  0
| 591|0x00000000e4f00000, 0x00000000e4f00000, 0x00000000e5000000|  0%| F|  |TAMS 0x00000000e4f00000| PB 0x00000000e4f00000| Untracked |  0
| 592|0x00000000e5000000, 0x00000000e5000000, 0x00000000e5100000|  0%| F|  |TAMS 0x00000000e5000000| PB 0x00000000e5000000| Untracked |  0
| 593|0x00000000e5100000, 0x00000000e5100000, 0x00000000e5200000|  0%| F|  |TAMS 0x00000000e5100000| PB 0x00000000e5100000| Untracked |  0
| 594|0x00000000e5200000, 0x00000000e5200000, 0x00000000e5300000|  0%| F|  |TAMS 0x00000000e5200000| PB 0x00000000e5200000| Untracked |  0
| 595|0x00000000e5300000, 0x00000000e5300000, 0x00000000e5400000|  0%| F|  |TAMS 0x00000000e5300000| PB 0x00000000e5300000| Untracked |  0
| 596|0x00000000e5400000, 0x00000000e5400000, 0x00000000e5500000|  0%| F|  |TAMS 0x00000000e5400000| PB 0x00000000e5400000| Untracked |  0
| 597|0x00000000e5500000, 0x00000000e5500000, 0x00000000e5600000|  0%| F|  |TAMS 0x00000000e5500000| PB 0x00000000e5500000| Untracked |  0
| 598|0x00000000e5600000, 0x00000000e5600000, 0x00000000e5700000|  0%| F|  |TAMS 0x00000000e5600000| PB 0x00000000e5600000| Untracked |  0
| 599|0x00000000e5700000, 0x00000000e5700000, 0x00000000e5800000|  0%| F|  |TAMS 0x00000000e5700000| PB 0x00000000e5700000| Untracked |  0
| 600|0x00000000e5800000, 0x00000000e5800000, 0x00000000e5900000|  0%| F|  |TAMS 0x00000000e5800000| PB 0x00000000e5800000| Untracked |  0
| 601|0x00000000e5900000, 0x00000000e5900000, 0x00000000e5a00000|  0%| F|  |TAMS 0x00000000e5900000| PB 0x00000000e5900000| Untracked |  0
| 602|0x00000000e5a00000, 0x00000000e5a00000, 0x00000000e5b00000|  0%| F|  |TAMS 0x00000000e5a00000| PB 0x00000000e5a00000| Untracked |  0
| 603|0x00000000e5b00000, 0x00000000e5b00000, 0x00000000e5c00000|  0%| F|  |TAMS 0x00000000e5b00000| PB 0x00000000e5b00000| Untracked |  0
| 604|0x00000000e5c00000, 0x00000000e5c00000, 0x00000000e5d00000|  0%| F|  |TAMS 0x00000000e5c00000| PB 0x00000000e5c00000| Untracked |  0
| 605|0x00000000e5d00000, 0x00000000e5d00000, 0x00000000e5e00000|  0%| F|  |TAMS 0x00000000e5d00000| PB 0x00000000e5d00000| Untracked |  0
| 606|0x00000000e5e00000, 0x00000000e5e00000, 0x00000000e5f00000|  0%| F|  |TAMS 0x00000000e5e00000| PB 0x00000000e5e00000| Untracked |  0
| 607|0x00000000e5f00000, 0x00000000e5f00000, 0x00000000e6000000|  0%| F|  |TAMS 0x00000000e5f00000| PB 0x00000000e5f00000| Untracked |  0
| 608|0x00000000e6000000, 0x00000000e6000000, 0x00000000e6100000|  0%| F|  |TAMS 0x00000000e6000000| PB 0x00000000e6000000| Untracked |  0
| 609|0x00000000e6100000, 0x00000000e6100000, 0x00000000e6200000|  0%| F|  |TAMS 0x00000000e6100000| PB 0x00000000e6100000| Untracked |  0
| 610|0x00000000e6200000, 0x00000000e6200000, 0x00000000e6300000|  0%| F|  |TAMS 0x00000000e6200000| PB 0x00000000e6200000| Untracked |  0
| 611|0x00000000e6300000, 0x00000000e6300000, 0x00000000e6400000|  0%| F|  |TAMS 0x00000000e6300000| PB 0x00000000e6300000| Untracked |  0
| 612|0x00000000e6400000, 0x00000000e6400000, 0x00000000e6500000|  0%| F|  |TAMS 0x00000000e6400000| PB 0x00000000e6400000| Untracked |  0
| 613|0x00000000e6500000, 0x00000000e6500000, 0x00000000e6600000|  0%| F|  |TAMS 0x00000000e6500000| PB 0x00000000e6500000| Untracked |  0
| 614|0x00000000e6600000, 0x00000000e6600000, 0x00000000e6700000|  0%| F|  |TAMS 0x00000000e6600000| PB 0x00000000e6600000| Untracked |  0
| 615|0x00000000e6700000, 0x00000000e6700000, 0x00000000e6800000|  0%| F|  |TAMS 0x00000000e6700000| PB 0x00000000e6700000| Untracked |  0
| 616|0x00000000e6800000, 0x00000000e6800000, 0x00000000e6900000|  0%| F|  |TAMS 0x00000000e6800000| PB 0x00000000e6800000| Untracked |  0
| 617|0x00000000e6900000, 0x00000000e6900000, 0x00000000e6a00000|  0%| F|  |TAMS 0x00000000e6900000| PB 0x00000000e6900000| Untracked |  0
| 618|0x00000000e6a00000, 0x00000000e6a00000, 0x00000000e6b00000|  0%| F|  |TAMS 0x00000000e6a00000| PB 0x00000000e6a00000| Untracked |  0
| 619|0x00000000e6b00000, 0x00000000e6b00000, 0x00000000e6c00000|  0%| F|  |TAMS 0x00000000e6b00000| PB 0x00000000e6b00000| Untracked |  0
| 620|0x00000000e6c00000, 0x00000000e6c00000, 0x00000000e6d00000|  0%| F|  |TAMS 0x00000000e6c00000| PB 0x00000000e6c00000| Untracked |  0
| 621|0x00000000e6d00000, 0x00000000e6d00000, 0x00000000e6e00000|  0%| F|  |TAMS 0x00000000e6d00000| PB 0x00000000e6d00000| Untracked |  0
| 622|0x00000000e6e00000, 0x00000000e6e00000, 0x00000000e6f00000|  0%| F|  |TAMS 0x00000000e6e00000| PB 0x00000000e6e00000| Untracked |  0
| 623|0x00000000e6f00000, 0x00000000e6f00000, 0x00000000e7000000|  0%| F|  |TAMS 0x00000000e6f00000| PB 0x00000000e6f00000| Untracked |  0
| 624|0x00000000e7000000, 0x00000000e7000000, 0x00000000e7100000|  0%| F|  |TAMS 0x00000000e7000000| PB 0x00000000e7000000| Untracked |  0
| 625|0x00000000e7100000, 0x00000000e7100000, 0x00000000e7200000|  0%| F|  |TAMS 0x00000000e7100000| PB 0x00000000e7100000| Untracked |  0
| 626|0x00000000e7200000, 0x00000000e7200000, 0x00000000e7300000|  0%| F|  |TAMS 0x00000000e7200000| PB 0x00000000e7200000| Untracked |  0
| 627|0x00000000e7300000, 0x00000000e7300000, 0x00000000e7400000|  0%| F|  |TAMS 0x00000000e7300000| PB 0x00000000e7300000| Untracked |  0
| 628|0x00000000e7400000, 0x00000000e7400000, 0x00000000e7500000|  0%| F|  |TAMS 0x00000000e7400000| PB 0x00000000e7400000| Untracked |  0
| 629|0x00000000e7500000, 0x00000000e7500000, 0x00000000e7600000|  0%| F|  |TAMS 0x00000000e7500000| PB 0x00000000e7500000| Untracked |  0
| 630|0x00000000e7600000, 0x00000000e7600000, 0x00000000e7700000|  0%| F|  |TAMS 0x00000000e7600000| PB 0x00000000e7600000| Untracked |  0
| 631|0x00000000e7700000, 0x00000000e7700000, 0x00000000e7800000|  0%| F|  |TAMS 0x00000000e7700000| PB 0x00000000e7700000| Untracked |  0
| 632|0x00000000e7800000, 0x00000000e7800000, 0x00000000e7900000|  0%| F|  |TAMS 0x00000000e7800000| PB 0x00000000e7800000| Untracked |  0
| 633|0x00000000e7900000, 0x00000000e7900000, 0x00000000e7a00000|  0%| F|  |TAMS 0x00000000e7900000| PB 0x00000000e7900000| Untracked |  0
| 634|0x00000000e7a00000, 0x00000000e7a00000, 0x00000000e7b00000|  0%| F|  |TAMS 0x00000000e7a00000| PB 0x00000000e7a00000| Untracked |  0
| 635|0x00000000e7b00000, 0x00000000e7b00000, 0x00000000e7c00000|  0%| F|  |TAMS 0x00000000e7b00000| PB 0x00000000e7b00000| Untracked |  0
| 636|0x00000000e7c00000, 0x00000000e7c00000, 0x00000000e7d00000|  0%| F|  |TAMS 0x00000000e7c00000| PB 0x00000000e7c00000| Untracked |  0
| 637|0x00000000e7d00000, 0x00000000e7d00000, 0x00000000e7e00000|  0%| F|  |TAMS 0x00000000e7d00000| PB 0x00000000e7d00000| Untracked |  0
| 638|0x00000000e7e00000, 0x00000000e7e00000, 0x00000000e7f00000|  0%| F|  |TAMS 0x00000000e7e00000| PB 0x00000000e7e00000| Untracked |  0
| 639|0x00000000e7f00000, 0x00000000e7f00000, 0x00000000e8000000|  0%| F|  |TAMS 0x00000000e7f00000| PB 0x00000000e7f00000| Untracked |  0
| 640|0x00000000e8000000, 0x00000000e8000000, 0x00000000e8100000|  0%| F|  |TAMS 0x00000000e8000000| PB 0x00000000e8000000| Untracked |  0
| 641|0x00000000e8100000, 0x00000000e8100000, 0x00000000e8200000|  0%| F|  |TAMS 0x00000000e8100000| PB 0x00000000e8100000| Untracked |  0
| 642|0x00000000e8200000, 0x00000000e8200000, 0x00000000e8300000|  0%| F|  |TAMS 0x00000000e8200000| PB 0x00000000e8200000| Untracked |  0
| 643|0x00000000e8300000, 0x00000000e8300000, 0x00000000e8400000|  0%| F|  |TAMS 0x00000000e8300000| PB 0x00000000e8300000| Untracked |  0
| 644|0x00000000e8400000, 0x00000000e8400000, 0x00000000e8500000|  0%| F|  |TAMS 0x00000000e8400000| PB 0x00000000e8400000| Untracked |  0
| 645|0x00000000e8500000, 0x00000000e8500000, 0x00000000e8600000|  0%| F|  |TAMS 0x00000000e8500000| PB 0x00000000e8500000| Untracked |  0
| 646|0x00000000e8600000, 0x00000000e8600000, 0x00000000e8700000|  0%| F|  |TAMS 0x00000000e8600000| PB 0x00000000e8600000| Untracked |  0
| 647|0x00000000e8700000, 0x00000000e8700000, 0x00000000e8800000|  0%| F|  |TAMS 0x00000000e8700000| PB 0x00000000e8700000| Untracked |  0
| 648|0x00000000e8800000, 0x00000000e8800000, 0x00000000e8900000|  0%| F|  |TAMS 0x00000000e8800000| PB 0x00000000e8800000| Untracked |  0
| 649|0x00000000e8900000, 0x00000000e8900000, 0x00000000e8a00000|  0%| F|  |TAMS 0x00000000e8900000| PB 0x00000000e8900000| Untracked |  0
| 650|0x00000000e8a00000, 0x00000000e8a00000, 0x00000000e8b00000|  0%| F|  |TAMS 0x00000000e8a00000| PB 0x00000000e8a00000| Untracked |  0
| 651|0x00000000e8b00000, 0x00000000e8b00000, 0x00000000e8c00000|  0%| F|  |TAMS 0x00000000e8b00000| PB 0x00000000e8b00000| Untracked |  0
| 652|0x00000000e8c00000, 0x00000000e8c00000, 0x00000000e8d00000|  0%| F|  |TAMS 0x00000000e8c00000| PB 0x00000000e8c00000| Untracked |  0
| 653|0x00000000e8d00000, 0x00000000e8d00000, 0x00000000e8e00000|  0%| F|  |TAMS 0x00000000e8d00000| PB 0x00000000e8d00000| Untracked |  0
| 654|0x00000000e8e00000, 0x00000000e8e00000, 0x00000000e8f00000|  0%| F|  |TAMS 0x00000000e8e00000| PB 0x00000000e8e00000| Untracked |  0
| 655|0x00000000e8f00000, 0x00000000e8f00000, 0x00000000e9000000|  0%| F|  |TAMS 0x00000000e8f00000| PB 0x00000000e8f00000| Untracked |  0
| 656|0x00000000e9000000, 0x00000000e9000000, 0x00000000e9100000|  0%| F|  |TAMS 0x00000000e9000000| PB 0x00000000e9000000| Untracked |  0
| 657|0x00000000e9100000, 0x00000000e9100000, 0x00000000e9200000|  0%| F|  |TAMS 0x00000000e9100000| PB 0x00000000e9100000| Untracked |  0
| 658|0x00000000e9200000, 0x00000000e9200000, 0x00000000e9300000|  0%| F|  |TAMS 0x00000000e9200000| PB 0x00000000e9200000| Untracked |  0
| 659|0x00000000e9300000, 0x00000000e9300000, 0x00000000e9400000|  0%| F|  |TAMS 0x00000000e9300000| PB 0x00000000e9300000| Untracked |  0
| 660|0x00000000e9400000, 0x00000000e9400000, 0x00000000e9500000|  0%| F|  |TAMS 0x00000000e9400000| PB 0x00000000e9400000| Untracked |  0
| 661|0x00000000e9500000, 0x00000000e9500000, 0x00000000e9600000|  0%| F|  |TAMS 0x00000000e9500000| PB 0x00000000e9500000| Untracked |  0
| 662|0x00000000e9600000, 0x00000000e9600000, 0x00000000e9700000|  0%| F|  |TAMS 0x00000000e9600000| PB 0x00000000e9600000| Untracked |  0
| 663|0x00000000e9700000, 0x00000000e9700000, 0x00000000e9800000|  0%| F|  |TAMS 0x00000000e9700000| PB 0x00000000e9700000| Untracked |  0
| 664|0x00000000e9800000, 0x00000000e9800000, 0x00000000e9900000|  0%| F|  |TAMS 0x00000000e9800000| PB 0x00000000e9800000| Untracked |  0
| 665|0x00000000e9900000, 0x00000000e9900000, 0x00000000e9a00000|  0%| F|  |TAMS 0x00000000e9900000| PB 0x00000000e9900000| Untracked |  0
| 666|0x00000000e9a00000, 0x00000000e9a00000, 0x00000000e9b00000|  0%| F|  |TAMS 0x00000000e9a00000| PB 0x00000000e9a00000| Untracked |  0
| 667|0x00000000e9b00000, 0x00000000e9b00000, 0x00000000e9c00000|  0%| F|  |TAMS 0x00000000e9b00000| PB 0x00000000e9b00000| Untracked |  0
| 668|0x00000000e9c00000, 0x00000000e9c00000, 0x00000000e9d00000|  0%| F|  |TAMS 0x00000000e9c00000| PB 0x00000000e9c00000| Untracked |  0
| 669|0x00000000e9d00000, 0x00000000e9d00000, 0x00000000e9e00000|  0%| F|  |TAMS 0x00000000e9d00000| PB 0x00000000e9d00000| Untracked |  0
| 670|0x00000000e9e00000, 0x00000000e9e00000, 0x00000000e9f00000|  0%| F|  |TAMS 0x00000000e9e00000| PB 0x00000000e9e00000| Untracked |  0
| 671|0x00000000e9f00000, 0x00000000e9f00000, 0x00000000ea000000|  0%| F|  |TAMS 0x00000000e9f00000| PB 0x00000000e9f00000| Untracked |  0
| 672|0x00000000ea000000, 0x00000000ea000000, 0x00000000ea100000|  0%| F|  |TAMS 0x00000000ea000000| PB 0x00000000ea000000| Untracked |  0
| 673|0x00000000ea100000, 0x00000000ea100000, 0x00000000ea200000|  0%| F|  |TAMS 0x00000000ea100000| PB 0x00000000ea100000| Untracked |  0
| 674|0x00000000ea200000, 0x00000000ea200000, 0x00000000ea300000|  0%| F|  |TAMS 0x00000000ea200000| PB 0x00000000ea200000| Untracked |  0
| 675|0x00000000ea300000, 0x00000000ea300000, 0x00000000ea400000|  0%| F|  |TAMS 0x00000000ea300000| PB 0x00000000ea300000| Untracked |  0
| 676|0x00000000ea400000, 0x00000000ea400000, 0x00000000ea500000|  0%| F|  |TAMS 0x00000000ea400000| PB 0x00000000ea400000| Untracked |  0
| 677|0x00000000ea500000, 0x00000000ea500000, 0x00000000ea600000|  0%| F|  |TAMS 0x00000000ea500000| PB 0x00000000ea500000| Untracked |  0
| 678|0x00000000ea600000, 0x00000000ea600000, 0x00000000ea700000|  0%| F|  |TAMS 0x00000000ea600000| PB 0x00000000ea600000| Untracked |  0
| 679|0x00000000ea700000, 0x00000000ea700000, 0x00000000ea800000|  0%| F|  |TAMS 0x00000000ea700000| PB 0x00000000ea700000| Untracked |  0
| 680|0x00000000ea800000, 0x00000000ea800000, 0x00000000ea900000|  0%| F|  |TAMS 0x00000000ea800000| PB 0x00000000ea800000| Untracked |  0
| 681|0x00000000ea900000, 0x00000000ea900000, 0x00000000eaa00000|  0%| F|  |TAMS 0x00000000ea900000| PB 0x00000000ea900000| Untracked |  0
| 682|0x00000000eaa00000, 0x00000000eaa00000, 0x00000000eab00000|  0%| F|  |TAMS 0x00000000eaa00000| PB 0x00000000eaa00000| Untracked |  0
| 683|0x00000000eab00000, 0x00000000eab00000, 0x00000000eac00000|  0%| F|  |TAMS 0x00000000eab00000| PB 0x00000000eab00000| Untracked |  0
| 684|0x00000000eac00000, 0x00000000eac00000, 0x00000000ead00000|  0%| F|  |TAMS 0x00000000eac00000| PB 0x00000000eac00000| Untracked |  0
| 685|0x00000000ead00000, 0x00000000ead00000, 0x00000000eae00000|  0%| F|  |TAMS 0x00000000ead00000| PB 0x00000000ead00000| Untracked |  0
| 686|0x00000000eae00000, 0x00000000eae00000, 0x00000000eaf00000|  0%| F|  |TAMS 0x00000000eae00000| PB 0x00000000eae00000| Untracked |  0
| 687|0x00000000eaf00000, 0x00000000eaf00000, 0x00000000eb000000|  0%| F|  |TAMS 0x00000000eaf00000| PB 0x00000000eaf00000| Untracked |  0
| 688|0x00000000eb000000, 0x00000000eb000000, 0x00000000eb100000|  0%| F|  |TAMS 0x00000000eb000000| PB 0x00000000eb000000| Untracked |  0
| 689|0x00000000eb100000, 0x00000000eb100000, 0x00000000eb200000|  0%| F|  |TAMS 0x00000000eb100000| PB 0x00000000eb100000| Untracked |  0
| 690|0x00000000eb200000, 0x00000000eb200000, 0x00000000eb300000|  0%| F|  |TAMS 0x00000000eb200000| PB 0x00000000eb200000| Untracked |  0
| 691|0x00000000eb300000, 0x00000000eb300000, 0x00000000eb400000|  0%| F|  |TAMS 0x00000000eb300000| PB 0x00000000eb300000| Untracked |  0
| 692|0x00000000eb400000, 0x00000000eb400000, 0x00000000eb500000|  0%| F|  |TAMS 0x00000000eb400000| PB 0x00000000eb400000| Untracked |  0
| 693|0x00000000eb500000, 0x00000000eb500000, 0x00000000eb600000|  0%| F|  |TAMS 0x00000000eb500000| PB 0x00000000eb500000| Untracked |  0
| 694|0x00000000eb600000, 0x00000000eb600000, 0x00000000eb700000|  0%| F|  |TAMS 0x00000000eb600000| PB 0x00000000eb600000| Untracked |  0
| 695|0x00000000eb700000, 0x00000000eb700000, 0x00000000eb800000|  0%| F|  |TAMS 0x00000000eb700000| PB 0x00000000eb700000| Untracked |  0
| 696|0x00000000eb800000, 0x00000000eb800000, 0x00000000eb900000|  0%| F|  |TAMS 0x00000000eb800000| PB 0x00000000eb800000| Untracked |  0
| 697|0x00000000eb900000, 0x00000000eb900000, 0x00000000eba00000|  0%| F|  |TAMS 0x00000000eb900000| PB 0x00000000eb900000| Untracked |  0
| 698|0x00000000eba00000, 0x00000000eba00000, 0x00000000ebb00000|  0%| F|  |TAMS 0x00000000eba00000| PB 0x00000000eba00000| Untracked |  0
| 699|0x00000000ebb00000, 0x00000000ebb00000, 0x00000000ebc00000|  0%| F|  |TAMS 0x00000000ebb00000| PB 0x00000000ebb00000| Untracked |  0
| 700|0x00000000ebc00000, 0x00000000ebc00000, 0x00000000ebd00000|  0%| F|  |TAMS 0x00000000ebc00000| PB 0x00000000ebc00000| Untracked |  0
| 701|0x00000000ebd00000, 0x00000000ebd00000, 0x00000000ebe00000|  0%| F|  |TAMS 0x00000000ebd00000| PB 0x00000000ebd00000| Untracked |  0
| 702|0x00000000ebe00000, 0x00000000ebe00000, 0x00000000ebf00000|  0%| F|  |TAMS 0x00000000ebe00000| PB 0x00000000ebe00000| Untracked |  0
| 703|0x00000000ebf00000, 0x00000000ebf00000, 0x00000000ec000000|  0%| F|  |TAMS 0x00000000ebf00000| PB 0x00000000ebf00000| Untracked |  0
| 704|0x00000000ec000000, 0x00000000ec000000, 0x00000000ec100000|  0%| F|  |TAMS 0x00000000ec000000| PB 0x00000000ec000000| Untracked |  0
| 705|0x00000000ec100000, 0x00000000ec100000, 0x00000000ec200000|  0%| F|  |TAMS 0x00000000ec100000| PB 0x00000000ec100000| Untracked |  0
| 706|0x00000000ec200000, 0x00000000ec200000, 0x00000000ec300000|  0%| F|  |TAMS 0x00000000ec200000| PB 0x00000000ec200000| Untracked |  0
| 707|0x00000000ec300000, 0x00000000ec300000, 0x00000000ec400000|  0%| F|  |TAMS 0x00000000ec300000| PB 0x00000000ec300000| Untracked |  0
| 708|0x00000000ec400000, 0x00000000ec400000, 0x00000000ec500000|  0%| F|  |TAMS 0x00000000ec400000| PB 0x00000000ec400000| Untracked |  0
| 709|0x00000000ec500000, 0x00000000ec500000, 0x00000000ec600000|  0%| F|  |TAMS 0x00000000ec500000| PB 0x00000000ec500000| Untracked |  0
| 710|0x00000000ec600000, 0x00000000ec600000, 0x00000000ec700000|  0%| F|  |TAMS 0x00000000ec600000| PB 0x00000000ec600000| Untracked |  0
| 711|0x00000000ec700000, 0x00000000ec700000, 0x00000000ec800000|  0%| F|  |TAMS 0x00000000ec700000| PB 0x00000000ec700000| Untracked |  0
| 712|0x00000000ec800000, 0x00000000ec800000, 0x00000000ec900000|  0%| F|  |TAMS 0x00000000ec800000| PB 0x00000000ec800000| Untracked |  0
| 713|0x00000000ec900000, 0x00000000ec900000, 0x00000000eca00000|  0%| F|  |TAMS 0x00000000ec900000| PB 0x00000000ec900000| Untracked |  0
| 714|0x00000000eca00000, 0x00000000eca00000, 0x00000000ecb00000|  0%| F|  |TAMS 0x00000000eca00000| PB 0x00000000eca00000| Untracked |  0
| 715|0x00000000ecb00000, 0x00000000ecb00000, 0x00000000ecc00000|  0%| F|  |TAMS 0x00000000ecb00000| PB 0x00000000ecb00000| Untracked |  0
| 716|0x00000000ecc00000, 0x00000000ecc00000, 0x00000000ecd00000|  0%| F|  |TAMS 0x00000000ecc00000| PB 0x00000000ecc00000| Untracked |  0
| 717|0x00000000ecd00000, 0x00000000ecd00000, 0x00000000ece00000|  0%| F|  |TAMS 0x00000000ecd00000| PB 0x00000000ecd00000| Untracked |  0
| 718|0x00000000ece00000, 0x00000000ece00000, 0x00000000ecf00000|  0%| F|  |TAMS 0x00000000ece00000| PB 0x00000000ece00000| Untracked |  0
| 719|0x00000000ecf00000, 0x00000000ecf00000, 0x00000000ed000000|  0%| F|  |TAMS 0x00000000ecf00000| PB 0x00000000ecf00000| Untracked |  0
| 720|0x00000000ed000000, 0x00000000ed000000, 0x00000000ed100000|  0%| F|  |TAMS 0x00000000ed000000| PB 0x00000000ed000000| Untracked |  0
| 721|0x00000000ed100000, 0x00000000ed100000, 0x00000000ed200000|  0%| F|  |TAMS 0x00000000ed100000| PB 0x00000000ed100000| Untracked |  0
| 722|0x00000000ed200000, 0x00000000ed200000, 0x00000000ed300000|  0%| F|  |TAMS 0x00000000ed200000| PB 0x00000000ed200000| Untracked |  0
| 723|0x00000000ed300000, 0x00000000ed300000, 0x00000000ed400000|  0%| F|  |TAMS 0x00000000ed300000| PB 0x00000000ed300000| Untracked |  0
| 724|0x00000000ed400000, 0x00000000ed400000, 0x00000000ed500000|  0%| F|  |TAMS 0x00000000ed400000| PB 0x00000000ed400000| Untracked |  0
| 725|0x00000000ed500000, 0x00000000ed500000, 0x00000000ed600000|  0%| F|  |TAMS 0x00000000ed500000| PB 0x00000000ed500000| Untracked |  0
| 726|0x00000000ed600000, 0x00000000ed600000, 0x00000000ed700000|  0%| F|  |TAMS 0x00000000ed600000| PB 0x00000000ed600000| Untracked |  0
| 727|0x00000000ed700000, 0x00000000ed704290, 0x00000000ed800000|  1%| E|  |TAMS 0x00000000ed700000| PB 0x00000000ed700000| Complete |  0
| 728|0x00000000ed800000, 0x00000000ed900000, 0x00000000ed900000|100%| E|CS|TAMS 0x00000000ed800000| PB 0x00000000ed800000| Complete |  0
| 729|0x00000000ed900000, 0x00000000eda00000, 0x00000000eda00000|100%| E|CS|TAMS 0x00000000ed900000| PB 0x00000000ed900000| Complete |  0
| 730|0x00000000eda00000, 0x00000000edb00000, 0x00000000edb00000|100%| E|CS|TAMS 0x00000000eda00000| PB 0x00000000eda00000| Complete |  0
| 731|0x00000000edb00000, 0x00000000edc00000, 0x00000000edc00000|100%| E|CS|TAMS 0x00000000edb00000| PB 0x00000000edb00000| Complete |  0
| 732|0x00000000edc00000, 0x00000000edd00000, 0x00000000edd00000|100%| E|CS|TAMS 0x00000000edc00000| PB 0x00000000edc00000| Complete |  0
| 733|0x00000000edd00000, 0x00000000ede00000, 0x00000000ede00000|100%| E|CS|TAMS 0x00000000edd00000| PB 0x00000000edd00000| Complete |  0
| 734|0x00000000ede00000, 0x00000000edf00000, 0x00000000edf00000|100%| E|CS|TAMS 0x00000000ede00000| PB 0x00000000ede00000| Complete |  0
| 735|0x00000000edf00000, 0x00000000ee000000, 0x00000000ee000000|100%| E|CS|TAMS 0x00000000edf00000| PB 0x00000000edf00000| Complete |  0
| 736|0x00000000ee000000, 0x00000000ee100000, 0x00000000ee100000|100%| E|CS|TAMS 0x00000000ee000000| PB 0x00000000ee000000| Complete |  0
| 737|0x00000000ee100000, 0x00000000ee200000, 0x00000000ee200000|100%| E|CS|TAMS 0x00000000ee100000| PB 0x00000000ee100000| Complete |  0
| 738|0x00000000ee200000, 0x00000000ee300000, 0x00000000ee300000|100%| E|CS|TAMS 0x00000000ee200000| PB 0x00000000ee200000| Complete |  0
| 739|0x00000000ee300000, 0x00000000ee400000, 0x00000000ee400000|100%| E|CS|TAMS 0x00000000ee300000| PB 0x00000000ee300000| Complete |  0
| 740|0x00000000ee400000, 0x00000000ee500000, 0x00000000ee500000|100%| E|CS|TAMS 0x00000000ee400000| PB 0x00000000ee400000| Complete |  0
| 741|0x00000000ee500000, 0x00000000ee600000, 0x00000000ee600000|100%| E|CS|TAMS 0x00000000ee500000| PB 0x00000000ee500000| Complete |  0
| 742|0x00000000ee600000, 0x00000000ee700000, 0x00000000ee700000|100%| E|CS|TAMS 0x00000000ee600000| PB 0x00000000ee600000| Complete |  0
| 743|0x00000000ee700000, 0x00000000ee800000, 0x00000000ee800000|100%| E|CS|TAMS 0x00000000ee700000| PB 0x00000000ee700000| Complete |  0
| 744|0x00000000ee800000, 0x00000000ee900000, 0x00000000ee900000|100%| E|CS|TAMS 0x00000000ee800000| PB 0x00000000ee800000| Complete |  0
| 745|0x00000000ee900000, 0x00000000eea00000, 0x00000000eea00000|100%| E|CS|TAMS 0x00000000ee900000| PB 0x00000000ee900000| Complete |  0
| 746|0x00000000eea00000, 0x00000000eeb00000, 0x00000000eeb00000|100%| E|CS|TAMS 0x00000000eea00000| PB 0x00000000eea00000| Complete |  0
| 747|0x00000000eeb00000, 0x00000000eec00000, 0x00000000eec00000|100%| E|CS|TAMS 0x00000000eeb00000| PB 0x00000000eeb00000| Complete |  0
| 748|0x00000000eec00000, 0x00000000eed00000, 0x00000000eed00000|100%| E|CS|TAMS 0x00000000eec00000| PB 0x00000000eec00000| Complete |  0
| 749|0x00000000eed00000, 0x00000000eee00000, 0x00000000eee00000|100%| E|CS|TAMS 0x00000000eed00000| PB 0x00000000eed00000| Complete |  0
| 750|0x00000000eee00000, 0x00000000eef00000, 0x00000000eef00000|100%| E|CS|TAMS 0x00000000eee00000| PB 0x00000000eee00000| Complete |  0
| 751|0x00000000eef00000, 0x00000000ef000000, 0x00000000ef000000|100%| E|CS|TAMS 0x00000000eef00000| PB 0x00000000eef00000| Complete |  0
| 752|0x00000000ef000000, 0x00000000ef100000, 0x00000000ef100000|100%| E|CS|TAMS 0x00000000ef000000| PB 0x00000000ef000000| Complete |  0
| 753|0x00000000ef100000, 0x00000000ef200000, 0x00000000ef200000|100%| E|CS|TAMS 0x00000000ef100000| PB 0x00000000ef100000| Complete |  0
| 754|0x00000000ef200000, 0x00000000ef300000, 0x00000000ef300000|100%| E|CS|TAMS 0x00000000ef200000| PB 0x00000000ef200000| Complete |  0
| 755|0x00000000ef300000, 0x00000000ef400000, 0x00000000ef400000|100%| E|CS|TAMS 0x00000000ef300000| PB 0x00000000ef300000| Complete |  0
| 756|0x00000000ef400000, 0x00000000ef500000, 0x00000000ef500000|100%| E|CS|TAMS 0x00000000ef400000| PB 0x00000000ef400000| Complete |  0
| 757|0x00000000ef500000, 0x00000000ef600000, 0x00000000ef600000|100%| E|CS|TAMS 0x00000000ef500000| PB 0x00000000ef500000| Complete |  0
| 758|0x00000000ef600000, 0x00000000ef700000, 0x00000000ef700000|100%| E|CS|TAMS 0x00000000ef600000| PB 0x00000000ef600000| Complete |  0
| 759|0x00000000ef700000, 0x00000000ef800000, 0x00000000ef800000|100%| E|CS|TAMS 0x00000000ef700000| PB 0x00000000ef700000| Complete |  0
| 760|0x00000000ef800000, 0x00000000ef900000, 0x00000000ef900000|100%| E|CS|TAMS 0x00000000ef800000| PB 0x00000000ef800000| Complete |  0
| 761|0x00000000ef900000, 0x00000000efa00000, 0x00000000efa00000|100%| E|CS|TAMS 0x00000000ef900000| PB 0x00000000ef900000| Complete |  0
| 762|0x00000000efa00000, 0x00000000efb00000, 0x00000000efb00000|100%| E|CS|TAMS 0x00000000efa00000| PB 0x00000000efa00000| Complete |  0
| 763|0x00000000efb00000, 0x00000000efc00000, 0x00000000efc00000|100%| E|CS|TAMS 0x00000000efb00000| PB 0x00000000efb00000| Complete |  0
| 764|0x00000000efc00000, 0x00000000efd00000, 0x00000000efd00000|100%| E|CS|TAMS 0x00000000efc00000| PB 0x00000000efc00000| Complete |  0
| 765|0x00000000efd00000, 0x00000000efe00000, 0x00000000efe00000|100%| E|CS|TAMS 0x00000000efd00000| PB 0x00000000efd00000| Complete |  0
| 766|0x00000000efe00000, 0x00000000eff00000, 0x00000000eff00000|100%| E|CS|TAMS 0x00000000efe00000| PB 0x00000000efe00000| Complete |  0
| 767|0x00000000eff00000, 0x00000000f0000000, 0x00000000f0000000|100%| E|CS|TAMS 0x00000000eff00000| PB 0x00000000eff00000| Complete |  0
| 768|0x00000000f0000000, 0x00000000f0100000, 0x00000000f0100000|100%| E|CS|TAMS 0x00000000f0000000| PB 0x00000000f0000000| Complete |  0
| 769|0x00000000f0100000, 0x00000000f0200000, 0x00000000f0200000|100%| E|CS|TAMS 0x00000000f0100000| PB 0x00000000f0100000| Complete |  0
| 770|0x00000000f0200000, 0x00000000f0300000, 0x00000000f0300000|100%| E|CS|TAMS 0x00000000f0200000| PB 0x00000000f0200000| Complete |  0
| 771|0x00000000f0300000, 0x00000000f0400000, 0x00000000f0400000|100%| E|CS|TAMS 0x00000000f0300000| PB 0x00000000f0300000| Complete |  0
| 772|0x00000000f0400000, 0x00000000f0500000, 0x00000000f0500000|100%| E|CS|TAMS 0x00000000f0400000| PB 0x00000000f0400000| Complete |  0
| 773|0x00000000f0500000, 0x00000000f0600000, 0x00000000f0600000|100%| E|CS|TAMS 0x00000000f0500000| PB 0x00000000f0500000| Complete |  0
| 774|0x00000000f0600000, 0x00000000f0700000, 0x00000000f0700000|100%| E|CS|TAMS 0x00000000f0600000| PB 0x00000000f0600000| Complete |  0
| 775|0x00000000f0700000, 0x00000000f0800000, 0x00000000f0800000|100%| E|CS|TAMS 0x00000000f0700000| PB 0x00000000f0700000| Complete |  0
| 776|0x00000000f0800000, 0x00000000f0900000, 0x00000000f0900000|100%| E|CS|TAMS 0x00000000f0800000| PB 0x00000000f0800000| Complete |  0
| 777|0x00000000f0900000, 0x00000000f0a00000, 0x00000000f0a00000|100%| E|CS|TAMS 0x00000000f0900000| PB 0x00000000f0900000| Complete |  0
| 778|0x00000000f0a00000, 0x00000000f0b00000, 0x00000000f0b00000|100%| E|CS|TAMS 0x00000000f0a00000| PB 0x00000000f0a00000| Complete |  0
| 779|0x00000000f0b00000, 0x00000000f0c00000, 0x00000000f0c00000|100%| E|CS|TAMS 0x00000000f0b00000| PB 0x00000000f0b00000| Complete |  0
| 780|0x00000000f0c00000, 0x00000000f0d00000, 0x00000000f0d00000|100%| E|CS|TAMS 0x00000000f0c00000| PB 0x00000000f0c00000| Complete |  0
| 781|0x00000000f0d00000, 0x00000000f0e00000, 0x00000000f0e00000|100%| E|CS|TAMS 0x00000000f0d00000| PB 0x00000000f0d00000| Complete |  0
| 782|0x00000000f0e00000, 0x00000000f0f00000, 0x00000000f0f00000|100%| E|CS|TAMS 0x00000000f0e00000| PB 0x00000000f0e00000| Complete |  0
| 783|0x00000000f0f00000, 0x00000000f1000000, 0x00000000f1000000|100%| E|CS|TAMS 0x00000000f0f00000| PB 0x00000000f0f00000| Complete |  0
| 784|0x00000000f1000000, 0x00000000f1100000, 0x00000000f1100000|100%| E|CS|TAMS 0x00000000f1000000| PB 0x00000000f1000000| Complete |  0
| 785|0x00000000f1100000, 0x00000000f1200000, 0x00000000f1200000|100%| E|CS|TAMS 0x00000000f1100000| PB 0x00000000f1100000| Complete |  0
| 786|0x00000000f1200000, 0x00000000f1300000, 0x00000000f1300000|100%| E|CS|TAMS 0x00000000f1200000| PB 0x00000000f1200000| Complete |  0
| 787|0x00000000f1300000, 0x00000000f1400000, 0x00000000f1400000|100%| E|CS|TAMS 0x00000000f1300000| PB 0x00000000f1300000| Complete |  0
| 788|0x00000000f1400000, 0x00000000f1500000, 0x00000000f1500000|100%| E|CS|TAMS 0x00000000f1400000| PB 0x00000000f1400000| Complete |  0
| 789|0x00000000f1500000, 0x00000000f1600000, 0x00000000f1600000|100%| E|CS|TAMS 0x00000000f1500000| PB 0x00000000f1500000| Complete |  0
| 790|0x00000000f1600000, 0x00000000f1700000, 0x00000000f1700000|100%| E|CS|TAMS 0x00000000f1600000| PB 0x00000000f1600000| Complete |  0
| 791|0x00000000f1700000, 0x00000000f1800000, 0x00000000f1800000|100%| E|CS|TAMS 0x00000000f1700000| PB 0x00000000f1700000| Complete |  0
| 792|0x00000000f1800000, 0x00000000f1900000, 0x00000000f1900000|100%| E|CS|TAMS 0x00000000f1800000| PB 0x00000000f1800000| Complete |  0
| 793|0x00000000f1900000, 0x00000000f1a00000, 0x00000000f1a00000|100%| E|CS|TAMS 0x00000000f1900000| PB 0x00000000f1900000| Complete |  0
| 794|0x00000000f1a00000, 0x00000000f1b00000, 0x00000000f1b00000|100%| E|CS|TAMS 0x00000000f1a00000| PB 0x00000000f1a00000| Complete |  0
| 795|0x00000000f1b00000, 0x00000000f1c00000, 0x00000000f1c00000|100%| E|CS|TAMS 0x00000000f1b00000| PB 0x00000000f1b00000| Complete |  0
| 796|0x00000000f1c00000, 0x00000000f1d00000, 0x00000000f1d00000|100%| E|CS|TAMS 0x00000000f1c00000| PB 0x00000000f1c00000| Complete |  0
| 797|0x00000000f1d00000, 0x00000000f1e00000, 0x00000000f1e00000|100%| E|CS|TAMS 0x00000000f1d00000| PB 0x00000000f1d00000| Complete |  0
| 798|0x00000000f1e00000, 0x00000000f1f00000, 0x00000000f1f00000|100%| E|CS|TAMS 0x00000000f1e00000| PB 0x00000000f1e00000| Complete |  0
| 799|0x00000000f1f00000, 0x00000000f2000000, 0x00000000f2000000|100%| E|CS|TAMS 0x00000000f1f00000| PB 0x00000000f1f00000| Complete |  0
| 800|0x00000000f2000000, 0x00000000f2100000, 0x00000000f2100000|100%| E|CS|TAMS 0x00000000f2000000| PB 0x00000000f2000000| Complete |  0
| 801|0x00000000f2100000, 0x00000000f2200000, 0x00000000f2200000|100%| E|CS|TAMS 0x00000000f2100000| PB 0x00000000f2100000| Complete |  0
| 802|0x00000000f2200000, 0x00000000f2300000, 0x00000000f2300000|100%| E|CS|TAMS 0x00000000f2200000| PB 0x00000000f2200000| Complete |  0
| 803|0x00000000f2300000, 0x00000000f2400000, 0x00000000f2400000|100%| E|CS|TAMS 0x00000000f2300000| PB 0x00000000f2300000| Complete |  0
| 804|0x00000000f2400000, 0x00000000f2500000, 0x00000000f2500000|100%| E|CS|TAMS 0x00000000f2400000| PB 0x00000000f2400000| Complete |  0
| 805|0x00000000f2500000, 0x00000000f2600000, 0x00000000f2600000|100%| E|CS|TAMS 0x00000000f2500000| PB 0x00000000f2500000| Complete |  0
| 806|0x00000000f2600000, 0x00000000f2700000, 0x00000000f2700000|100%| E|CS|TAMS 0x00000000f2600000| PB 0x00000000f2600000| Complete |  0
| 807|0x00000000f2700000, 0x00000000f2800000, 0x00000000f2800000|100%| E|  |TAMS 0x00000000f2700000| PB 0x00000000f2700000| Complete |  0
| 808|0x00000000f2800000, 0x00000000f2900000, 0x00000000f2900000|100%| E|CS|TAMS 0x00000000f2800000| PB 0x00000000f2800000| Complete |  0
| 809|0x00000000f2900000, 0x00000000f2a00000, 0x00000000f2a00000|100%| E|CS|TAMS 0x00000000f2900000| PB 0x00000000f2900000| Complete |  0
| 810|0x00000000f2a00000, 0x00000000f2b00000, 0x00000000f2b00000|100%| E|CS|TAMS 0x00000000f2a00000| PB 0x00000000f2a00000| Complete |  0
| 811|0x00000000f2b00000, 0x00000000f2c00000, 0x00000000f2c00000|100%| E|CS|TAMS 0x00000000f2b00000| PB 0x00000000f2b00000| Complete |  0
| 812|0x00000000f2c00000, 0x00000000f2d00000, 0x00000000f2d00000|100%| E|CS|TAMS 0x00000000f2c00000| PB 0x00000000f2c00000| Complete |  0
| 813|0x00000000f2d00000, 0x00000000f2e00000, 0x00000000f2e00000|100%| E|CS|TAMS 0x00000000f2d00000| PB 0x00000000f2d00000| Complete |  0
| 814|0x00000000f2e00000, 0x00000000f2f00000, 0x00000000f2f00000|100%| E|CS|TAMS 0x00000000f2e00000| PB 0x00000000f2e00000| Complete |  0
| 815|0x00000000f2f00000, 0x00000000f3000000, 0x00000000f3000000|100%| E|CS|TAMS 0x00000000f2f00000| PB 0x00000000f2f00000| Complete |  0
| 816|0x00000000f3000000, 0x00000000f3100000, 0x00000000f3100000|100%| E|CS|TAMS 0x00000000f3000000| PB 0x00000000f3000000| Complete |  0
| 817|0x00000000f3100000, 0x00000000f3200000, 0x00000000f3200000|100%| E|CS|TAMS 0x00000000f3100000| PB 0x00000000f3100000| Complete |  0
| 818|0x00000000f3200000, 0x00000000f3300000, 0x00000000f3300000|100%| E|CS|TAMS 0x00000000f3200000| PB 0x00000000f3200000| Complete |  0
| 819|0x00000000f3300000, 0x00000000f3400000, 0x00000000f3400000|100%| E|CS|TAMS 0x00000000f3300000| PB 0x00000000f3300000| Complete |  0
| 820|0x00000000f3400000, 0x00000000f3500000, 0x00000000f3500000|100%| E|CS|TAMS 0x00000000f3400000| PB 0x00000000f3400000| Complete |  0
| 821|0x00000000f3500000, 0x00000000f3600000, 0x00000000f3600000|100%| E|CS|TAMS 0x00000000f3500000| PB 0x00000000f3500000| Complete |  0
| 822|0x00000000f3600000, 0x00000000f3700000, 0x00000000f3700000|100%| E|CS|TAMS 0x00000000f3600000| PB 0x00000000f3600000| Complete |  0
| 823|0x00000000f3700000, 0x00000000f3800000, 0x00000000f3800000|100%| E|CS|TAMS 0x00000000f3700000| PB 0x00000000f3700000| Complete |  0
| 824|0x00000000f3800000, 0x00000000f3900000, 0x00000000f3900000|100%| E|CS|TAMS 0x00000000f3800000| PB 0x00000000f3800000| Complete |  0
| 825|0x00000000f3900000, 0x00000000f3a00000, 0x00000000f3a00000|100%| E|CS|TAMS 0x00000000f3900000| PB 0x00000000f3900000| Complete |  0
| 826|0x00000000f3a00000, 0x00000000f3b00000, 0x00000000f3b00000|100%| E|CS|TAMS 0x00000000f3a00000| PB 0x00000000f3a00000| Complete |  0
| 827|0x00000000f3b00000, 0x00000000f3c00000, 0x00000000f3c00000|100%| E|CS|TAMS 0x00000000f3b00000| PB 0x00000000f3b00000| Complete |  0
| 828|0x00000000f3c00000, 0x00000000f3d00000, 0x00000000f3d00000|100%| E|CS|TAMS 0x00000000f3c00000| PB 0x00000000f3c00000| Complete |  0
| 829|0x00000000f3d00000, 0x00000000f3e00000, 0x00000000f3e00000|100%| E|CS|TAMS 0x00000000f3d00000| PB 0x00000000f3d00000| Complete |  0
| 830|0x00000000f3e00000, 0x00000000f3f00000, 0x00000000f3f00000|100%| E|CS|TAMS 0x00000000f3e00000| PB 0x00000000f3e00000| Complete |  0
| 831|0x00000000f3f00000, 0x00000000f4000000, 0x00000000f4000000|100%| E|CS|TAMS 0x00000000f3f00000| PB 0x00000000f3f00000| Complete |  0
| 832|0x00000000f4000000, 0x00000000f4100000, 0x00000000f4100000|100%| E|CS|TAMS 0x00000000f4000000| PB 0x00000000f4000000| Complete |  0
| 833|0x00000000f4100000, 0x00000000f4200000, 0x00000000f4200000|100%| E|CS|TAMS 0x00000000f4100000| PB 0x00000000f4100000| Complete |  0
| 834|0x00000000f4200000, 0x00000000f4300000, 0x00000000f4300000|100%| E|CS|TAMS 0x00000000f4200000| PB 0x00000000f4200000| Complete |  0
| 835|0x00000000f4300000, 0x00000000f4400000, 0x00000000f4400000|100%| E|CS|TAMS 0x00000000f4300000| PB 0x00000000f4300000| Complete |  0
| 836|0x00000000f4400000, 0x00000000f4500000, 0x00000000f4500000|100%| E|CS|TAMS 0x00000000f4400000| PB 0x00000000f4400000| Complete |  0
| 837|0x00000000f4500000, 0x00000000f4600000, 0x00000000f4600000|100%| E|CS|TAMS 0x00000000f4500000| PB 0x00000000f4500000| Complete |  0
| 838|0x00000000f4600000, 0x00000000f4700000, 0x00000000f4700000|100%| E|CS|TAMS 0x00000000f4600000| PB 0x00000000f4600000| Complete |  0
| 839|0x00000000f4700000, 0x00000000f4800000, 0x00000000f4800000|100%| E|CS|TAMS 0x00000000f4700000| PB 0x00000000f4700000| Complete |  0
| 840|0x00000000f4800000, 0x00000000f4900000, 0x00000000f4900000|100%| E|CS|TAMS 0x00000000f4800000| PB 0x00000000f4800000| Complete |  0
| 841|0x00000000f4900000, 0x00000000f4a00000, 0x00000000f4a00000|100%| E|CS|TAMS 0x00000000f4900000| PB 0x00000000f4900000| Complete |  0
| 842|0x00000000f4a00000, 0x00000000f4b00000, 0x00000000f4b00000|100%| E|CS|TAMS 0x00000000f4a00000| PB 0x00000000f4a00000| Complete |  0
| 843|0x00000000f4b00000, 0x00000000f4c00000, 0x00000000f4c00000|100%| E|CS|TAMS 0x00000000f4b00000| PB 0x00000000f4b00000| Complete |  0
| 844|0x00000000f4c00000, 0x00000000f4d00000, 0x00000000f4d00000|100%| E|CS|TAMS 0x00000000f4c00000| PB 0x00000000f4c00000| Complete |  0
| 845|0x00000000f4d00000, 0x00000000f4e00000, 0x00000000f4e00000|100%| E|CS|TAMS 0x00000000f4d00000| PB 0x00000000f4d00000| Complete |  0
| 846|0x00000000f4e00000, 0x00000000f4f00000, 0x00000000f4f00000|100%| E|CS|TAMS 0x00000000f4e00000| PB 0x00000000f4e00000| Complete |  0
| 847|0x00000000f4f00000, 0x00000000f5000000, 0x00000000f5000000|100%| E|CS|TAMS 0x00000000f4f00000| PB 0x00000000f4f00000| Complete |  0
| 848|0x00000000f5000000, 0x00000000f5100000, 0x00000000f5100000|100%| E|CS|TAMS 0x00000000f5000000| PB 0x00000000f5000000| Complete |  0
| 849|0x00000000f5100000, 0x00000000f5200000, 0x00000000f5200000|100%| E|CS|TAMS 0x00000000f5100000| PB 0x00000000f5100000| Complete |  0
| 850|0x00000000f5200000, 0x00000000f5300000, 0x00000000f5300000|100%| E|CS|TAMS 0x00000000f5200000| PB 0x00000000f5200000| Complete |  0
| 851|0x00000000f5300000, 0x00000000f5400000, 0x00000000f5400000|100%| E|CS|TAMS 0x00000000f5300000| PB 0x00000000f5300000| Complete |  0
| 852|0x00000000f5400000, 0x00000000f5500000, 0x00000000f5500000|100%| E|CS|TAMS 0x00000000f5400000| PB 0x00000000f5400000| Complete |  0
| 853|0x00000000f5500000, 0x00000000f5600000, 0x00000000f5600000|100%| E|CS|TAMS 0x00000000f5500000| PB 0x00000000f5500000| Complete |  0
| 854|0x00000000f5600000, 0x00000000f5700000, 0x00000000f5700000|100%| E|CS|TAMS 0x00000000f5600000| PB 0x00000000f5600000| Complete |  0
| 855|0x00000000f5700000, 0x00000000f5800000, 0x00000000f5800000|100%| E|CS|TAMS 0x00000000f5700000| PB 0x00000000f5700000| Complete |  0
| 856|0x00000000f5800000, 0x00000000f5900000, 0x00000000f5900000|100%| E|CS|TAMS 0x00000000f5800000| PB 0x00000000f5800000| Complete |  0
| 857|0x00000000f5900000, 0x00000000f5a00000, 0x00000000f5a00000|100%| E|CS|TAMS 0x00000000f5900000| PB 0x00000000f5900000| Complete |  0
| 858|0x00000000f5a00000, 0x00000000f5b00000, 0x00000000f5b00000|100%| E|CS|TAMS 0x00000000f5a00000| PB 0x00000000f5a00000| Complete |  0
| 859|0x00000000f5b00000, 0x00000000f5c00000, 0x00000000f5c00000|100%| E|CS|TAMS 0x00000000f5b00000| PB 0x00000000f5b00000| Complete |  0
| 860|0x00000000f5c00000, 0x00000000f5d00000, 0x00000000f5d00000|100%| E|CS|TAMS 0x00000000f5c00000| PB 0x00000000f5c00000| Complete |  0
| 861|0x00000000f5d00000, 0x00000000f5e00000, 0x00000000f5e00000|100%| E|CS|TAMS 0x00000000f5d00000| PB 0x00000000f5d00000| Complete |  0
| 862|0x00000000f5e00000, 0x00000000f5f00000, 0x00000000f5f00000|100%| E|CS|TAMS 0x00000000f5e00000| PB 0x00000000f5e00000| Complete |  0
| 863|0x00000000f5f00000, 0x00000000f6000000, 0x00000000f6000000|100%| E|CS|TAMS 0x00000000f5f00000| PB 0x00000000f5f00000| Complete |  0
| 864|0x00000000f6000000, 0x00000000f6100000, 0x00000000f6100000|100%| E|CS|TAMS 0x00000000f6000000| PB 0x00000000f6000000| Complete |  0
| 865|0x00000000f6100000, 0x00000000f6200000, 0x00000000f6200000|100%| E|CS|TAMS 0x00000000f6100000| PB 0x00000000f6100000| Complete |  0
| 866|0x00000000f6200000, 0x00000000f6300000, 0x00000000f6300000|100%| E|CS|TAMS 0x00000000f6200000| PB 0x00000000f6200000| Complete |  0
| 867|0x00000000f6300000, 0x00000000f6400000, 0x00000000f6400000|100%| E|CS|TAMS 0x00000000f6300000| PB 0x00000000f6300000| Complete |  0
| 868|0x00000000f6400000, 0x00000000f6500000, 0x00000000f6500000|100%| E|CS|TAMS 0x00000000f6400000| PB 0x00000000f6400000| Complete |  0
| 869|0x00000000f6500000, 0x00000000f6600000, 0x00000000f6600000|100%| E|CS|TAMS 0x00000000f6500000| PB 0x00000000f6500000| Complete |  0
| 870|0x00000000f6600000, 0x00000000f6700000, 0x00000000f6700000|100%| E|CS|TAMS 0x00000000f6600000| PB 0x00000000f6600000| Complete |  0
| 871|0x00000000f6700000, 0x00000000f6800000, 0x00000000f6800000|100%| E|CS|TAMS 0x00000000f6700000| PB 0x00000000f6700000| Complete |  0
| 872|0x00000000f6800000, 0x00000000f6900000, 0x00000000f6900000|100%| E|CS|TAMS 0x00000000f6800000| PB 0x00000000f6800000| Complete |  0
| 873|0x00000000f6900000, 0x00000000f6a00000, 0x00000000f6a00000|100%| E|CS|TAMS 0x00000000f6900000| PB 0x00000000f6900000| Complete |  0
| 874|0x00000000f6a00000, 0x00000000f6b00000, 0x00000000f6b00000|100%| E|CS|TAMS 0x00000000f6a00000| PB 0x00000000f6a00000| Complete |  0
| 875|0x00000000f6b00000, 0x00000000f6c00000, 0x00000000f6c00000|100%| E|CS|TAMS 0x00000000f6b00000| PB 0x00000000f6b00000| Complete |  0
| 876|0x00000000f6c00000, 0x00000000f6d00000, 0x00000000f6d00000|100%| E|CS|TAMS 0x00000000f6c00000| PB 0x00000000f6c00000| Complete |  0
| 877|0x00000000f6d00000, 0x00000000f6e00000, 0x00000000f6e00000|100%| E|CS|TAMS 0x00000000f6d00000| PB 0x00000000f6d00000| Complete |  0
| 878|0x00000000f6e00000, 0x00000000f6f00000, 0x00000000f6f00000|100%| E|CS|TAMS 0x00000000f6e00000| PB 0x00000000f6e00000| Complete |  0
| 879|0x00000000f6f00000, 0x00000000f7000000, 0x00000000f7000000|100%| E|CS|TAMS 0x00000000f6f00000| PB 0x00000000f6f00000| Complete |  0
| 880|0x00000000f7000000, 0x00000000f7100000, 0x00000000f7100000|100%| E|CS|TAMS 0x00000000f7000000| PB 0x00000000f7000000| Complete |  0
| 881|0x00000000f7100000, 0x00000000f7200000, 0x00000000f7200000|100%| E|CS|TAMS 0x00000000f7100000| PB 0x00000000f7100000| Complete |  0
| 882|0x00000000f7200000, 0x00000000f7300000, 0x00000000f7300000|100%| E|CS|TAMS 0x00000000f7200000| PB 0x00000000f7200000| Complete |  0
| 883|0x00000000f7300000, 0x00000000f7400000, 0x00000000f7400000|100%| E|CS|TAMS 0x00000000f7300000| PB 0x00000000f7300000| Complete |  0
| 884|0x00000000f7400000, 0x00000000f7500000, 0x00000000f7500000|100%| E|CS|TAMS 0x00000000f7400000| PB 0x00000000f7400000| Complete |  0
| 957|0x00000000fbd00000, 0x00000000fbe00000, 0x00000000fbe00000|100%| E|CS|TAMS 0x00000000fbd00000| PB 0x00000000fbd00000| Complete |  0
| 958|0x00000000fbe00000, 0x00000000fbf00000, 0x00000000fbf00000|100%| O|  |TAMS 0x00000000fbe00000| PB 0x00000000fbe00000| Untracked |  0
| 959|0x00000000fbf00000, 0x00000000fc000000, 0x00000000fc000000|100%| E|CS|TAMS 0x00000000fbf00000| PB 0x00000000fbf00000| Complete |  0
| 960|0x00000000fc000000, 0x00000000fc100000, 0x00000000fc100000|100%| E|CS|TAMS 0x00000000fc000000| PB 0x00000000fc000000| Complete |  0
| 961|0x00000000fc100000, 0x00000000fc200000, 0x00000000fc200000|100%| O|  |TAMS 0x00000000fc100000| PB 0x00000000fc100000| Untracked |  0
| 962|0x00000000fc200000, 0x00000000fc300000, 0x00000000fc300000|100%| E|CS|TAMS 0x00000000fc200000| PB 0x00000000fc200000| Complete |  0
| 963|0x00000000fc300000, 0x00000000fc400000, 0x00000000fc400000|100%| O|  |TAMS 0x00000000fc300000| PB 0x00000000fc300000| Untracked |  0
| 964|0x00000000fc400000, 0x00000000fc500000, 0x00000000fc500000|100%| O|  |TAMS 0x00000000fc400000| PB 0x00000000fc400000| Untracked |  0
| 965|0x00000000fc500000, 0x00000000fc600000, 0x00000000fc600000|100%| O|  |TAMS 0x00000000fc500000| PB 0x00000000fc500000| Untracked |  0
| 966|0x00000000fc600000, 0x00000000fc700000, 0x00000000fc700000|100%| O|  |TAMS 0x00000000fc600000| PB 0x00000000fc600000| Untracked |  0
| 967|0x00000000fc700000, 0x00000000fc800000, 0x00000000fc800000|100%| O|  |TAMS 0x00000000fc700000| PB 0x00000000fc700000| Untracked |  0
| 968|0x00000000fc800000, 0x00000000fc900000, 0x00000000fc900000|100%| O|  |TAMS 0x00000000fc800000| PB 0x00000000fc800000| Untracked |  0
| 969|0x00000000fc900000, 0x00000000fca00000, 0x00000000fca00000|100%| O|  |TAMS 0x00000000fc900000| PB 0x00000000fc900000| Untracked |  0
| 970|0x00000000fca00000, 0x00000000fcb00000, 0x00000000fcb00000|100%| O|  |TAMS 0x00000000fca00000| PB 0x00000000fca00000| Untracked |  0
| 971|0x00000000fcb00000, 0x00000000fcc00000, 0x00000000fcc00000|100%| O|  |TAMS 0x00000000fcb00000| PB 0x00000000fcb00000| Untracked |  0
| 972|0x00000000fcc00000, 0x00000000fcd00000, 0x00000000fcd00000|100%| O|  |TAMS 0x00000000fcc00000| PB 0x00000000fcc00000| Untracked |  0
| 973|0x00000000fcd00000, 0x00000000fce00000, 0x00000000fce00000|100%| O|  |TAMS 0x00000000fcd00000| PB 0x00000000fcd00000| Untracked |  0
| 974|0x00000000fce00000, 0x00000000fcf00000, 0x00000000fcf00000|100%| O|  |TAMS 0x00000000fce00000| PB 0x00000000fce00000| Untracked |  0
| 975|0x00000000fcf00000, 0x00000000fd000000, 0x00000000fd000000|100%| O|  |TAMS 0x00000000fcf00000| PB 0x00000000fcf00000| Untracked |  0
| 976|0x00000000fd000000, 0x00000000fd100000, 0x00000000fd100000|100%| O|  |TAMS 0x00000000fd000000| PB 0x00000000fd000000| Untracked |  0
| 977|0x00000000fd100000, 0x00000000fd200000, 0x00000000fd200000|100%| O|  |TAMS 0x00000000fd100000| PB 0x00000000fd100000| Untracked |  0
| 978|0x00000000fd200000, 0x00000000fd300000, 0x00000000fd300000|100%| O|  |TAMS 0x00000000fd200000| PB 0x00000000fd200000| Untracked |  0
| 979|0x00000000fd300000, 0x00000000fd400000, 0x00000000fd400000|100%| O|  |TAMS 0x00000000fd300000| PB 0x00000000fd300000| Untracked |  0
| 980|0x00000000fd400000, 0x00000000fd500000, 0x00000000fd500000|100%| O|  |TAMS 0x00000000fd400000| PB 0x00000000fd400000| Untracked |  0
| 981|0x00000000fd500000, 0x00000000fd600000, 0x00000000fd600000|100%| O|  |TAMS 0x00000000fd500000| PB 0x00000000fd500000| Untracked |  0
| 982|0x00000000fd600000, 0x00000000fd700000, 0x00000000fd700000|100%| O|  |TAMS 0x00000000fd600000| PB 0x00000000fd600000| Untracked |  0
| 983|0x00000000fd700000, 0x00000000fd800000, 0x00000000fd800000|100%| O|  |TAMS 0x00000000fd700000| PB 0x00000000fd700000| Untracked |  0
| 984|0x00000000fd800000, 0x00000000fd900000, 0x00000000fd900000|100%| O|  |TAMS 0x00000000fd800000| PB 0x00000000fd800000| Untracked |  0
| 985|0x00000000fd900000, 0x00000000fda00000, 0x00000000fda00000|100%| O|  |TAMS 0x00000000fd900000| PB 0x00000000fd900000| Untracked |  0
| 986|0x00000000fda00000, 0x00000000fdb00000, 0x00000000fdb00000|100%| E|CS|TAMS 0x00000000fda00000| PB 0x00000000fda00000| Complete |  0
| 987|0x00000000fdb00000, 0x00000000fdc00000, 0x00000000fdc00000|100%| O|  |TAMS 0x00000000fdb00000| PB 0x00000000fdb00000| Untracked |  0
| 988|0x00000000fdc00000, 0x00000000fdd00000, 0x00000000fdd00000|100%| O|  |TAMS 0x00000000fdc00000| PB 0x00000000fdc00000| Untracked |  0
| 989|0x00000000fdd00000, 0x00000000fde00000, 0x00000000fde00000|100%| E|CS|TAMS 0x00000000fdd00000| PB 0x00000000fdd00000| Complete |  0
| 990|0x00000000fde00000, 0x00000000fdf00000, 0x00000000fdf00000|100%| E|CS|TAMS 0x00000000fde00000| PB 0x00000000fde00000| Complete |  0
| 991|0x00000000fdf00000, 0x00000000fe000000, 0x00000000fe000000|100%| O|  |TAMS 0x00000000fdf00000| PB 0x00000000fdf00000| Untracked |  0
| 992|0x00000000fe000000, 0x00000000fe100000, 0x00000000fe100000|100%| O|  |TAMS 0x00000000fe000000| PB 0x00000000fe000000| Untracked |  0
| 993|0x00000000fe100000, 0x00000000fe200000, 0x00000000fe200000|100%| O|  |TAMS 0x00000000fe100000| PB 0x00000000fe100000| Untracked |  0
| 994|0x00000000fe200000, 0x00000000fe300000, 0x00000000fe300000|100%| O|  |TAMS 0x00000000fe200000| PB 0x00000000fe200000| Untracked |  0
| 995|0x00000000fe300000, 0x00000000fe400000, 0x00000000fe400000|100%| E|CS|TAMS 0x00000000fe300000| PB 0x00000000fe300000| Complete |  0
| 996|0x00000000fe400000, 0x00000000fe500000, 0x00000000fe500000|100%| E|CS|TAMS 0x00000000fe400000| PB 0x00000000fe400000| Complete |  0
| 997|0x00000000fe500000, 0x00000000fe600000, 0x00000000fe600000|100%| E|CS|TAMS 0x00000000fe500000| PB 0x00000000fe500000| Complete |  0
| 998|0x00000000fe600000, 0x00000000fe700000, 0x00000000fe700000|100%| E|CS|TAMS 0x00000000fe600000| PB 0x00000000fe600000| Complete |  0
| 999|0x00000000fe700000, 0x00000000fe800000, 0x00000000fe800000|100%| E|CS|TAMS 0x00000000fe700000| PB 0x00000000fe700000| Complete |  0
|1000|0x00000000fe800000, 0x00000000fe900000, 0x00000000fe900000|100%| E|CS|TAMS 0x00000000fe800000| PB 0x00000000fe800000| Complete |  0
|1001|0x00000000fe900000, 0x00000000fea00000, 0x00000000fea00000|100%| E|CS|TAMS 0x00000000fe900000| PB 0x00000000fe900000| Complete |  0
|1002|0x00000000fea00000, 0x00000000feb00000, 0x00000000feb00000|100%| O|  |TAMS 0x00000000fea00000| PB 0x00000000fea00000| Untracked |  0
|1003|0x00000000feb00000, 0x00000000fec00000, 0x00000000fec00000|100%| E|CS|TAMS 0x00000000feb00000| PB 0x00000000feb00000| Complete |  0
|1004|0x00000000fec00000, 0x00000000fed00000, 0x00000000fed00000|100%| O|  |TAMS 0x00000000fec00000| PB 0x00000000fec00000| Untracked |  0
|1005|0x00000000fed00000, 0x00000000fee00000, 0x00000000fee00000|100%| O|  |TAMS 0x00000000fed00000| PB 0x00000000fed00000| Untracked |  0
|1006|0x00000000fee00000, 0x00000000fef00000, 0x00000000fef00000|100%| O|  |TAMS 0x00000000fee00000| PB 0x00000000fee00000| Untracked |  0
|1007|0x00000000fef00000, 0x00000000ff000000, 0x00000000ff000000|100%| O|  |TAMS 0x00000000fef00000| PB 0x00000000fef00000| Untracked |  0
|1008|0x00000000ff000000, 0x00000000ff100000, 0x00000000ff100000|100%| O|  |TAMS 0x00000000ff000000| PB 0x00000000ff000000| Untracked |  0
|1009|0x00000000ff100000, 0x00000000ff200000, 0x00000000ff200000|100%| O|  |TAMS 0x00000000ff100000| PB 0x00000000ff100000| Untracked |  0
|1010|0x00000000ff200000, 0x00000000ff300000, 0x00000000ff300000|100%| E|CS|TAMS 0x00000000ff200000| PB 0x00000000ff200000| Complete |  0
|1011|0x00000000ff300000, 0x00000000ff400000, 0x00000000ff400000|100%| O|  |TAMS 0x00000000ff300000| PB 0x00000000ff300000| Untracked |  0
|1012|0x00000000ff400000, 0x00000000ff500000, 0x00000000ff500000|100%| O|  |TAMS 0x00000000ff400000| PB 0x00000000ff400000| Untracked |  0
|1013|0x00000000ff500000, 0x00000000ff600000, 0x00000000ff600000|100%| O|  |TAMS 0x00000000ff500000| PB 0x00000000ff500000| Untracked |  0
|1014|0x00000000ff600000, 0x00000000ff700000, 0x00000000ff700000|100%| O|  |TAMS 0x00000000ff600000| PB 0x00000000ff600000| Untracked |  0
|1015|0x00000000ff700000, 0x00000000ff800000, 0x00000000ff800000|100%| O|  |TAMS 0x00000000ff700000| PB 0x00000000ff700000| Untracked |  0
|1016|0x00000000ff800000, 0x00000000ff900000, 0x00000000ff900000|100%| E|CS|TAMS 0x00000000ff800000| PB 0x00000000ff800000| Complete |  0
|1017|0x00000000ff900000, 0x00000000ffa00000, 0x00000000ffa00000|100%| E|CS|TAMS 0x00000000ff900000| PB 0x00000000ff900000| Complete |  0
|1018|0x00000000ffa00000, 0x00000000ffb00000, 0x00000000ffb00000|100%| E|CS|TAMS 0x00000000ffa00000| PB 0x00000000ffa00000| Complete |  0
|1019|0x00000000ffb00000, 0x00000000ffc00000, 0x00000000ffc00000|100%| E|CS|TAMS 0x00000000ffb00000| PB 0x00000000ffb00000| Complete |  0
|1020|0x00000000ffc00000, 0x00000000ffd00000, 0x00000000ffd00000|100%| E|CS|TAMS 0x00000000ffc00000| PB 0x00000000ffc00000| Complete |  0
|1021|0x00000000ffd00000, 0x00000000ffe00000, 0x00000000ffe00000|100%| E|CS|TAMS 0x00000000ffd00000| PB 0x00000000ffd00000| Complete |  0
|1022|0x00000000ffe00000, 0x00000000fff00000, 0x00000000fff00000|100%| O|  |TAMS 0x00000000ffe00000| PB 0x00000000ffe00000| Untracked |  0
|1023|0x00000000fff00000, 0x0000000100000000, 0x0000000100000000|100%| E|CS|TAMS 0x00000000fff00000| PB 0x00000000fff00000| Complete |  0

Card table byte_map: [0x0000027972690000,0x0000027972890000] _byte_map_base: 0x0000027972090000

Marking Bits: (CMBitMap*) 0x00000279715e1770
 Bits: [0x0000027972890000, 0x0000027973890000)

Polling page: 0x000002796b8e0000

Metaspace:
Metaspace        used 399495K, committed 406784K, reserved 1376256K
 class space     used 79070K, committed 82176K, reserved 1048576K

Usage:
  Non-class:    312.91 MB used.
      Class:     77.22 MB used.
       Both:    390.13 MB used.

Virtual space:
  Non-class space:      320.00 MB reserved,     317.00 MB (>99%) committed,  5 nodes.
      Class space:        1.00 GB reserved,      80.25 MB (  8%) committed,  1 nodes.
             Both:        1.31 GB reserved,     397.25 MB ( 30%) committed. 

Chunk freelists:
   Non-Class:  2.48 MB
       Class:  15.70 MB
        Both:  18.18 MB

MaxMetaspaceSize: unlimited
CompressedClassSpaceSize: 1.00 GB
Initial GC threshold: 21.00 MB
Current GC threshold: 657.12 MB
CDS: off
 - commit_granule_bytes: 65536.
 - commit_granule_words: 8192.
 - virtual_space_node_default_size: 8388608.
 - enlarge_chunks_in_place: 1.
UseCompressedClassPointers 1, UseCompactObjectHeaders 1
Narrow klass pointer bits 22, Max shift 10
Narrow klass base: 0x0000000036000000, Narrow klass shift: 9
Encoding Range: [0x0000000036000000 - 0x00000000b6000000), (2147483648 bytes)
Klass Range:    [0x0000000036000000 - 0x0000000076000000), (1073741824 bytes)
Klass ID Range:  [1 - 2097152) (2097151)
Protection zone: [0x0000000036000000 - 0x0000000036010000), (65536 bytes)


Internal statistics:

num_allocs_failed_limit: 17.
num_arena_births: 6152.
num_arena_deaths: 506.
num_vsnodes_births: 6.
num_vsnodes_deaths: 0.
num_space_committed: 6351.
num_space_uncommitted: 0.
num_chunks_returned_to_freelist: 644.
num_chunks_taken_from_freelist: 28944.
num_chunk_merges: 159.
num_chunk_splits: 15860.
num_chunks_enlarged: 7263.
num_inconsistent_stats: 0.

CodeHeap 'non-profiled nmethods': size=259264Kb used=10353Kb max_used=10353Kb free=248910Kb
 bounds [0x00000279102d0000, 0x0000027910cf0000, 0x0000027920000000]
CodeHeap 'profiled nmethods': size=259328Kb used=55611Kb max_used=55611Kb free=203716Kb
 bounds [0x0000027900000000, 0x0000027903650000, 0x000002790fd40000]
CodeHeap 'non-nmethods': size=5696Kb used=3169Kb max_used=3278Kb free=2526Kb
 bounds [0x000002790fd40000, 0x0000027910090000, 0x00000279102d0000]
CodeCache: size=524288Kb, used=69133Kb, max_used=69242Kb, free=455152Kb
 total_blobs=44767, nmethods=42523, adapters=2128, full_count=0
Compilation: enabled, stopped_count=0, restarted_count=0

Compilation events (20 events):
Event: 58.290 Thread 0x0000027976807520 50750       3       com.intellij.python.django.codeInsight.djangoForms.DjangoFormsMemberProvider::getMembers (116 bytes)
Event: 58.292 Thread 0x0000027976807520 nmethod 50750 0x000002790361f008 code [0x000002790361f100, 0x00000279036209e0]
Event: 58.292 Thread 0x0000027976807520 50751       3       com.intellij.psi.impl.file.impl.FileManagerImpl::ensureValidAndDispatchPendingEvents (73 bytes)
Event: 58.294 Thread 0x0000027976807520 nmethod 50751 0x0000027903620a88 code [0x0000027903620b80, 0x0000027903621b20]
Event: 58.294 Thread 0x0000027976807520 50752       3       com.jetbrains.python.psi.PyUtil::isObjectClass (51 bytes)
Event: 58.296 Thread 0x0000027976807520 nmethod 50752 0x0000027903621b88 code [0x0000027903621c80, 0x00000279036232c8]
Event: 58.296 Thread 0x0000027976807520 50753       3       com.intellij.python.django.codeInsight.DjangoOverridingClassMembersProvider::getMembers (127 bytes)
Event: 58.298 Thread 0x0000027976807520 nmethod 50753 0x0000027903623308 code [0x0000027903623400, 0x00000279036250c8]
Event: 58.301 Thread 0x0000027976807520 50754       3       kotlin.collections.CollectionsKt__MutableCollectionsKt::addAll (74 bytes)
Event: 58.302 Thread 0x0000027976807520 nmethod 50754 0x0000027903625188 code [0x0000027903625280, 0x00000279036264a8]
Event: 58.305 Thread 0x0000027976807520 50755       3       com.jetbrains.python.codeInsight.stdlib.PyOverridingClassDunderMembersProvider::resolveMember (273 bytes)
Event: 58.312 Thread 0x0000027976807520 nmethod 50755 0x0000027903626508 code [0x0000027903626600, 0x0000027903629d98]
Event: 58.337 Thread 0x0000027976807520 50757       3       com.intellij.openapi.util.Pair::hashCode (45 bytes)
Event: 58.337 Thread 0x0000027976807520 nmethod 50757 0x0000027903629e08 code [0x0000027903629f00, 0x000002790362a250]
Event: 58.354 Thread 0x0000027976807520 50758       2       com.intellij.platform.util.coroutines.flow.FlowKt$throttle$1$latchJob$1::invokeSuspend (155 bytes)
Event: 58.356 Thread 0x0000027976807520 nmethod 50758 0x000002790362a288 code [0x000002790362a380, 0x000002790362ac58]
Event: 58.364 Thread 0x0000027976807520 50759 %     3       com.intellij.ui.dsl.gridLayout.impl.ColumnsSizeCalculator::calculateMinCoords @ 104 (335 bytes)
Event: 58.368 Thread 0x0000027976807520 nmethod 50759% 0x000002790362ac88 code [0x000002790362ad80, 0x000002790362eff0]
Event: 58.368 Thread 0x0000027976807520 50760       3       com.jetbrains.python.psi.impl.PyClassImpl::getClassAttributesDefinedInClassMethods (129 bytes)
Event: 58.370 Thread 0x0000027976807520 nmethod 50760 0x000002790362f088 code [0x000002790362f180, 0x00000279036300e8]

GC Heap Usage History (20 events):
Event: 45.655 {heap Before GC invocations=73 (full 0):
 garbage-first heap   total reserved 1048576K, committed 647168K, used 601945K [0x00000000c0000000, 0x0000000100000000)
  region size 1024K, 253 young (259072K), 9 survivors (9216K)
}
Event: 45.662 {heap After GC invocations=74 (full 0):
 garbage-first heap   total reserved 1048576K, committed 647168K, used 355340K [0x00000000c0000000, 0x0000000100000000)
  region size 1024K, 12 young (12288K), 12 survivors (12288K)
}
Event: 46.806 {heap Before GC invocations=74 (full 0):
 garbage-first heap   total reserved 1048576K, committed 647168K, used 610316K [0x00000000c0000000, 0x0000000100000000)
  region size 1024K, 262 young (268288K), 12 survivors (12288K)
}
Event: 46.819 {heap After GC invocations=75 (full 0):
 garbage-first heap   total reserved 1048576K, committed 647168K, used 350819K [0x00000000c0000000, 0x0000000100000000)
  region size 1024K, 19 young (19456K), 19 survivors (19456K)
}
Event: 47.831 {heap Before GC invocations=75 (full 0):
 garbage-first heap   total reserved 1048576K, committed 647168K, used 610915K [0x00000000c0000000, 0x0000000100000000)
  region size 1024K, 274 young (280576K), 19 survivors (19456K)
}
Event: 47.844 {heap After GC invocations=76 (full 0):
 garbage-first heap   total reserved 1048576K, committed 647168K, used 352356K [0x00000000c0000000, 0x0000000100000000)
  region size 1024K, 20 young (20480K), 20 survivors (20480K)
}
Event: 49.075 {heap Before GC invocations=77 (full 0):
 garbage-first heap   total reserved 1048576K, committed 647168K, used 611428K [0x00000000c0000000, 0x0000000100000000)
  region size 1024K, 274 young (280576K), 20 survivors (20480K)
}
Event: 49.087 {heap After GC invocations=78 (full 0):
 garbage-first heap   total reserved 1048576K, committed 647168K, used 354158K [0x00000000c0000000, 0x0000000100000000)
  region size 1024K, 16 young (16384K), 16 survivors (16384K)
}
Event: 49.588 {heap Before GC invocations=78 (full 0):
 garbage-first heap   total reserved 1048576K, committed 647168K, used 612206K [0x00000000c0000000, 0x0000000100000000)
  region size 1024K, 269 young (275456K), 16 survivors (16384K)
}
Event: 49.609 {heap After GC invocations=79 (full 0):
 garbage-first heap   total reserved 1048576K, committed 650240K, used 346331K [0x00000000c0000000, 0x0000000100000000)
  region size 1024K, 19 young (19456K), 19 survivors (19456K)
}
Event: 50.523 {heap Before GC invocations=79 (full 0):
 garbage-first heap   total reserved 1048576K, committed 650240K, used 493787K [0x00000000c0000000, 0x0000000100000000)
  region size 1024K, 165 young (168960K), 19 survivors (19456K)
}
Event: 50.535 {heap After GC invocations=80 (full 0):
 garbage-first heap   total reserved 1048576K, committed 650240K, used 349652K [0x00000000c0000000, 0x0000000100000000)
  region size 1024K, 22 young (22528K), 22 survivors (22528K)
}
Event: 52.113 {heap Before GC invocations=81 (full 0):
 garbage-first heap   total reserved 1048576K, committed 650240K, used 636372K [0x00000000c0000000, 0x0000000100000000)
  region size 1024K, 282 young (288768K), 22 survivors (22528K)
}
Event: 52.140 {heap After GC invocations=82 (full 0):
 garbage-first heap   total reserved 1048576K, committed 680960K, used 371805K [0x00000000c0000000, 0x0000000100000000)
  region size 1024K, 36 young (36864K), 36 survivors (36864K)
}
Event: 52.977 {heap Before GC invocations=82 (full 0):
 garbage-first heap   total reserved 1048576K, committed 717824K, used 690269K [0x00000000c0000000, 0x0000000100000000)
  region size 1024K, 300 young (307200K), 36 survivors (36864K)
}
Event: 53.014 {heap After GC invocations=83 (full 0):
 garbage-first heap   total reserved 1048576K, committed 763904K, used 393164K [0x00000000c0000000, 0x0000000100000000)
  region size 1024K, 24 young (24576K), 24 survivors (24576K)
}
Event: 53.417 {heap Before GC invocations=83 (full 0):
 garbage-first heap   total reserved 1048576K, committed 763904K, used 520140K [0x00000000c0000000, 0x0000000100000000)
  region size 1024K, 149 young (152576K), 24 survivors (24576K)
}
Event: 53.435 {heap After GC invocations=84 (full 0):
 garbage-first heap   total reserved 1048576K, committed 763904K, used 410112K [0x00000000c0000000, 0x0000000100000000)
  region size 1024K, 16 young (16384K), 16 survivors (16384K)
}
Event: 54.797 {heap Before GC invocations=85 (full 0):
 garbage-first heap   total reserved 1048576K, committed 974848K, used 875008K [0x00000000c0000000, 0x0000000100000000)
  region size 1024K, 301 young (308224K), 16 survivors (16384K)
}
Event: 54.812 {heap After GC invocations=86 (full 0):
 garbage-first heap   total reserved 1048576K, committed 974848K, used 422380K [0x00000000c0000000, 0x0000000100000000)
  region size 1024K, 26 young (26624K), 26 survivors (26624K)
}

Metaspace Usage History (20 events):
Event: 45.655 {metaspace Before GC invocations=73 (full 0):
 Metaspace       used 374762K, committed 381888K, reserved 1376256K
  class space    used 74464K, committed 77440K, reserved 1048576K
}
Event: 45.662 {metaspace After GC invocations=74 (full 0):
 Metaspace       used 374762K, committed 381888K, reserved 1376256K
  class space    used 74464K, committed 77440K, reserved 1048576K
}
Event: 46.806 {metaspace Before GC invocations=74 (full 0):
 Metaspace       used 376047K, committed 383232K, reserved 1376256K
  class space    used 74682K, committed 77696K, reserved 1048576K
}
Event: 46.819 {metaspace After GC invocations=75 (full 0):
 Metaspace       used 376047K, committed 383232K, reserved 1376256K
  class space    used 74682K, committed 77696K, reserved 1048576K
}
Event: 47.831 {metaspace Before GC invocations=75 (full 0):
 Metaspace       used 377782K, committed 384960K, reserved 1376256K
  class space    used 74983K, committed 78016K, reserved 1048576K
}
Event: 47.844 {metaspace After GC invocations=76 (full 0):
 Metaspace       used 377782K, committed 384960K, reserved 1376256K
  class space    used 74983K, committed 78016K, reserved 1048576K
}
Event: 49.075 {metaspace Before GC invocations=77 (full 0):
 Metaspace       used 378674K, committed 385856K, reserved 1376256K
  class space    used 75147K, committed 78208K, reserved 1048576K
}
Event: 49.087 {metaspace After GC invocations=78 (full 0):
 Metaspace       used 378674K, committed 385856K, reserved 1376256K
  class space    used 75147K, committed 78208K, reserved 1048576K
}
Event: 49.588 {metaspace Before GC invocations=78 (full 0):
 Metaspace       used 379243K, committed 386432K, reserved 1376256K
  class space    used 75206K, committed 78272K, reserved 1048576K
}
Event: 49.609 {metaspace After GC invocations=79 (full 0):
 Metaspace       used 379243K, committed 386432K, reserved 1376256K
  class space    used 75206K, committed 78272K, reserved 1048576K
}
Event: 50.523 {metaspace Before GC invocations=79 (full 0):
 Metaspace       used 384301K, committed 391488K, reserved 1376256K
  class space    used 76216K, committed 79296K, reserved 1048576K
}
Event: 50.535 {metaspace After GC invocations=80 (full 0):
 Metaspace       used 384301K, committed 391488K, reserved 1376256K
  class space    used 76216K, committed 79296K, reserved 1048576K
}
Event: 52.113 {metaspace Before GC invocations=81 (full 0):
 Metaspace       used 391306K, committed 398592K, reserved 1376256K
  class space    used 77567K, committed 80640K, reserved 1048576K
}
Event: 52.140 {metaspace After GC invocations=82 (full 0):
 Metaspace       used 391306K, committed 398592K, reserved 1376256K
  class space    used 77567K, committed 80640K, reserved 1048576K
}
Event: 52.977 {metaspace Before GC invocations=82 (full 0):
 Metaspace       used 393949K, committed 401152K, reserved 1376256K
  class space    used 78177K, committed 81216K, reserved 1048576K
}
Event: 53.014 {metaspace After GC invocations=83 (full 0):
 Metaspace       used 393949K, committed 401152K, reserved 1376256K
  class space    used 78177K, committed 81216K, reserved 1048576K
}
Event: 53.417 {metaspace Before GC invocations=83 (full 0):
 Metaspace       used 395403K, committed 402752K, reserved 1376256K
  class space    used 78408K, committed 81536K, reserved 1048576K
}
Event: 53.435 {metaspace After GC invocations=84 (full 0):
 Metaspace       used 395403K, committed 402752K, reserved 1376256K
  class space    used 78408K, committed 81536K, reserved 1048576K
}
Event: 54.797 {metaspace Before GC invocations=85 (full 0):
 Metaspace       used 397934K, committed 405184K, reserved 1376256K
  class space    used 78870K, committed 81984K, reserved 1048576K
}
Event: 54.812 {metaspace After GC invocations=86 (full 0):
 Metaspace       used 397934K, committed 405184K, reserved 1376256K
  class space    used 78870K, committed 81984K, reserved 1048576K
}

Dll operation events (3 events):
Event: 0.032 Loaded shared library C:\Program Files\JetBrains\PyCharm 2026.2.1\jbr\bin\java.dll
Event: 0.034 Loaded shared library C:\Program Files\JetBrains\PyCharm 2026.2.1\jbr\bin\zip.dll
Event: 5.347 Loaded shared library C:\Program Files\JetBrains\PyCharm 2026.2.1\jbr\bin\verify.dll

Deoptimization events (20 events):
Event: 57.939 Thread 0x0000027a06f253d0 DEOPT PACKING pc=0x000002790301af1c sp=0x000000e4554fa290
Event: 57.940 Thread 0x0000027a06f253d0 DEOPT UNPACKING pc=0x000002790fd91702 sp=0x000000e4554f9830 mode 0
Event: 57.948 Thread 0x0000027a06f21550 DEOPT PACKING pc=0x00000279023f636a sp=0x000000e454cfd980
Event: 57.948 Thread 0x0000027a06f21550 DEOPT UNPACKING pc=0x000002790fd91702 sp=0x000000e454cfce40 mode 0
Event: 57.969 Thread 0x0000027a06f25ba0 DEOPT PACKING pc=0x0000027902382856 sp=0x000000e4550fb9e0
Event: 57.969 Thread 0x0000027a06f25ba0 DEOPT UNPACKING pc=0x000002790fd91702 sp=0x000000e4550faed8 mode 0
Event: 57.970 Thread 0x0000027a06f25ba0 DEOPT PACKING pc=0x000002790037acf1 sp=0x000000e4550fb600
Event: 57.970 Thread 0x0000027a06f25ba0 DEOPT UNPACKING pc=0x000002790fd91702 sp=0x000000e4550fab40 mode 0
Event: 57.982 Thread 0x0000027a06f25ba0 DEOPT PACKING pc=0x0000027902215226 sp=0x000000e4550fb5d0
Event: 57.982 Thread 0x0000027a06f25ba0 DEOPT UNPACKING pc=0x000002790fd91702 sp=0x000000e4550faa70 mode 0
Event: 57.988 Thread 0x0000027a06f25ba0 DEOPT PACKING pc=0x00000279023f636a sp=0x000000e4550fbe00
Event: 57.988 Thread 0x0000027a06f25ba0 DEOPT UNPACKING pc=0x000002790fd91702 sp=0x000000e4550fb2c0 mode 0
Event: 58.034 Thread 0x0000027a06f23c60 DEOPT PACKING pc=0x00000279023f6349 sp=0x000000e454dfdd70
Event: 58.034 Thread 0x0000027a06f23c60 DEOPT UNPACKING pc=0x000002790fd91702 sp=0x000000e454dfd230 mode 0
Event: 58.070 Thread 0x0000027a06f28a80 DEOPT PACKING pc=0x0000027903411a5f sp=0x000000e4553f1600
Event: 58.070 Thread 0x0000027a06f23c60 DEOPT PACKING pc=0x00000279023f636a sp=0x000000e454dfdbf0
Event: 58.070 Thread 0x0000027a06f28a80 DEOPT UNPACKING pc=0x000002790fd91702 sp=0x000000e4553f0b18 mode 0
Event: 58.070 Thread 0x0000027a06f23c60 DEOPT UNPACKING pc=0x000002790fd91702 sp=0x000000e454dfd0b0 mode 0
Event: 58.078 Thread 0x0000027a06f23c60 DEOPT PACKING pc=0x00000279023f636a sp=0x000000e454dfdbf0
Event: 58.078 Thread 0x0000027a06f23c60 DEOPT UNPACKING pc=0x000002790fd91702 sp=0x000000e454dfd0b0 mode 0

Classes loaded (20 events):
Event: 57.593 Loading class com/intellij/psi/impl/SyntheticFileSystemItem
Event: 57.593 Loading class com/intellij/psi/impl/SyntheticFileSystemItem done
Event: 57.959 Loading class com/intellij/util/Function
Event: 57.959 Loading class com/intellij/util/Function done
Event: 57.959 Loading class com/intellij/psi/PsiDirectory
Event: 57.959 Loading class com/intellij/psi/PsiDirectory done
Event: 57.959 Loading class com/intellij/psi/PsiDirectory
Event: 57.959 Loading class com/intellij/psi/PsiDirectory done
Event: 57.965 Loading class com/intellij/openapi/vfs/VirtualFile
Event: 57.965 Loading class com/intellij/openapi/vfs/VirtualFile done
Event: 57.965 Loading class com/intellij/psi/util/CachedValueProvider$Result
Event: 57.965 Loading class com/intellij/psi/util/CachedValueProvider$Result done
Event: 57.965 Loading class com/intellij/openapi/vfs/VirtualFile
Event: 57.965 Loading class com/intellij/openapi/vfs/VirtualFile done
Event: 57.967 Loading class com/intellij/openapi/vfs/impl/VfsUtilCoreApplicationService
Event: 57.967 Loading class com/intellij/openapi/vfs/impl/VfsUtilCoreApplicationService done
Event: 57.970 Loading class com/intellij/openapi/util/Pair
Event: 57.970 Loading class com/intellij/openapi/util/Pair done
Event: 57.970 Loading class com/intellij/openapi/util/Pair
Event: 57.970 Loading class com/intellij/openapi/util/Pair done

Classes unloaded (20 events):
Event: 53.727 Thread 0x00000279717b27f0 Unloading class 0x000000003acc5800 'java/lang/invoke/LambdaForm$DMH+0x000000003acc5800'
Event: 53.727 Thread 0x00000279717b27f0 Unloading class 0x000000003acc5000 'java/lang/invoke/LambdaForm$DMH+0x000000003acc5000'
Event: 53.727 Thread 0x00000279717b27f0 Unloading class 0x00000000389fc800 'java/lang/invoke/LambdaForm$BMH+0x00000000389fc800'
Event: 53.727 Thread 0x00000279717b27f0 Unloading class 0x0000000038788c00 'java/lang/invoke/LambdaForm$BMH+0x0000000038788c00'
Event: 53.727 Thread 0x00000279717b27f0 Unloading class 0x0000000038782c00 'java/lang/invoke/LambdaForm$BMH+0x0000000038782c00'
Event: 53.727 Thread 0x00000279717b27f0 Unloading class 0x0000000038735800 'java/lang/invoke/LambdaForm$MH+0x0000000038735800'
Event: 53.727 Thread 0x00000279717b27f0 Unloading class 0x00000000386a8000 'java/lang/invoke/LambdaForm$MH+0x00000000386a8000'
Event: 53.727 Thread 0x00000279717b27f0 Unloading class 0x000000003842cc00 'java/lang/invoke/LambdaForm$MH+0x000000003842cc00'
Event: 53.727 Thread 0x00000279717b27f0 Unloading class 0x000000003842c800 'java/lang/invoke/LambdaForm$MH+0x000000003842c800'
Event: 53.727 Thread 0x00000279717b27f0 Unloading class 0x0000000038278400 'java/lang/invoke/LambdaForm$DMH+0x0000000038278400'
Event: 53.727 Thread 0x00000279717b27f0 Unloading class 0x0000000038118c00 'java/lang/invoke/LambdaForm$BMH+0x0000000038118c00'
Event: 53.727 Thread 0x00000279717b27f0 Unloading class 0x000000003810dc00 'java/lang/invoke/LambdaForm$MH+0x000000003810dc00'
Event: 53.727 Thread 0x00000279717b27f0 Unloading class 0x0000000038055c00 'java/lang/invoke/LambdaForm$MH+0x0000000038055c00'
Event: 53.727 Thread 0x00000279717b27f0 Unloading class 0x0000000038055000 'java/lang/invoke/LambdaForm$MH+0x0000000038055000'
Event: 53.727 Thread 0x00000279717b27f0 Unloading class 0x0000000038054c00 'java/lang/invoke/LambdaForm$MH+0x0000000038054c00'
Event: 53.727 Thread 0x00000279717b27f0 Unloading class 0x0000000038054800 'java/lang/invoke/LambdaForm$BMH+0x0000000038054800'
Event: 53.727 Thread 0x00000279717b27f0 Unloading class 0x0000000037f60800 'java/lang/invoke/LambdaForm$BMH+0x0000000037f60800'
Event: 53.727 Thread 0x00000279717b27f0 Unloading class 0x000000003798c800 'java/lang/invoke/LambdaForm$MH+0x000000003798c800'
Event: 53.727 Thread 0x00000279717b27f0 Unloading class 0x0000000037308c00 'java/lang/invoke/LambdaForm$MH+0x0000000037308c00'
Event: 53.727 Thread 0x00000279717b27f0 Unloading class 0x0000000036594c00 'java/lang/invoke/LambdaForm$MH+0x0000000036594c00'

Classes redefined (9 events):
Event: 5.174 Thread 0x00000279717b27f0 redefined class name=java.math.BigInteger, count=1
Event: 5.183 Thread 0x00000279717b27f0 redefined class name=java.lang.ProcessEnvironment, count=1
Event: 5.194 Thread 0x00000279717b27f0 redefined class name=java.net.InetAddress, count=1
Event: 5.198 Thread 0x00000279717b27f0 redefined class name=sun.management.RuntimeImpl, count=1
Event: 5.204 Thread 0x00000279717b27f0 redefined class name=sun.management.VMManagementImpl, count=1
Event: 5.209 Thread 0x00000279717b27f0 redefined class name=java.lang.reflect.Method, count=1
Event: 5.213 Thread 0x00000279717b27f0 redefined class name=java.lang.System, count=1
Event: 5.218 Thread 0x00000279717b27f0 redefined class name=java.lang.ClassLoader, count=1
Event: 5.240 Thread 0x00000279717b27f0 redefined class name=java.lang.Class, count=1

Internal exceptions (20 events):
Event: 53.700 Thread 0x000002794086d180 Exception <a 'java/lang/NoSuchMethodError'{0x00000000e92c2f70}: 'void java.lang.invoke.DirectMethodHandle$Holder.invokeStatic(java.lang.Object, java.lang.Object, float, int, int, float, java.lang.Object)'> (0x00000000e92c2f70) 
thrown [s\src\hotspot\share\interpreter\linkResolver.cpp, line 815]
Event: 53.984 Thread 0x0000027a06f1d6d0 Exception <a 'java/lang/NoSuchMethodError'{0x00000000f6d2cfa0}: 'void com.intellij.python.endpoints.pathParameters.PathParameterSemContributor.<init>(com.intellij.openapi.project.Project)'> (0x00000000f6d2cfa0) 
thrown [s\src\hotspot\share\interpreter\linkResolver.cpp, line 815]
Event: 53.984 Thread 0x0000027a06f1d6d0 Exception <a 'java/lang/NoSuchMethodError'{0x00000000f6d2ea98}: 'void com.intellij.python.endpoints.pathParameters.PathParameterSemContributor.<init>(com.intellij.openapi.project.Project, kotlinx.coroutines.CoroutineScope)'> (0x00000000f6d2ea98) 
thrown [s\src\hotspot\share\interpreter\linkResolver.cpp, line 815]
Event: 53.984 Thread 0x0000027a06f1d6d0 Exception <a 'java/lang/NoSuchMethodError'{0x00000000f6d30598}: 'void com.intellij.python.endpoints.pathParameters.PathParameterSemContributor.<init>(kotlinx.coroutines.CoroutineScope)'> (0x00000000f6d30598) 
thrown [s\src\hotspot\share\interpreter\linkResolver.cpp, line 815]
Event: 54.544 Thread 0x000002794086d180 Exception <a 'java/lang/NoSuchMethodError'{0x00000000eb163718}: 'int java.lang.invoke.DelegatingMethodHandle$Holder.reinvoke_L(java.lang.Object, java.lang.Object, int, java.lang.Object, java.lang.Object, java.lang.Object, java.lang.Object)'> (0x00000000eb163718) 
thrown [s\src\hotspot\share\interpreter\linkResolver.cpp, line 815]
Event: 54.588 Thread 0x000002794086d180 Exception <a 'java/lang/NoSuchMethodError'{0x00000000eafcbcb0}: 'void java.lang.invoke.DirectMethodHandle$Holder.invokeInterface(java.lang.Object, java.lang.Object, java.lang.Object, java.lang.Object, int, java.lang.Object)'> (0x00000000eafcbcb0) 
thrown [s\src\hotspot\share\interpreter\linkResolver.cpp, line 815]
Event: 54.589 Thread 0x000002794086d180 Exception <a 'java/lang/IncompatibleClassChangeError'{0x00000000eafd3da0}: Found class java.lang.Object, but interface was expected> (0x00000000eafd3da0) 
thrown [s\src\hotspot\share\interpreter\linkResolver.cpp, line 882]
Event: 54.589 Thread 0x000002794086d180 Exception <a 'java/lang/NoSuchMethodError'{0x00000000eafd4f80}: 'void java.lang.invoke.DirectMethodHandle$Holder.invokeSpecial(java.lang.Object, java.lang.Object, java.lang.Object, java.lang.Object, java.lang.Object, int, java.lang.Object)'> (0x00000000eafd4f80) 
thrown [s\src\hotspot\share\interpreter\linkResolver.cpp, line 815]
Event: 54.589 Thread 0x000002794086d180 Exception <a 'java/lang/NoSuchMethodError'{0x00000000eafdd210}: 'void java.lang.invoke.DelegatingMethodHandle$Holder.reinvoke_L(java.lang.Object, java.lang.Object, java.lang.Object, java.lang.Object, int, java.lang.Object)'> (0x00000000eafdd210) 
thrown [s\src\hotspot\share\interpreter\linkResolver.cpp, line 815]
Event: 54.593 Thread 0x000002794086d180 Exception <a 'java/lang/NoSuchMethodError'{0x00000000eae2eb78}: 'java.lang.Object java.lang.invoke.DirectMethodHandle$Holder.newInvokeSpecial(java.lang.Object, java.lang.Object, java.lang.Object, int, int, java.lang.Object)'> (0x00000000eae2eb78) 
thrown [s\src\hotspot\share\interpreter\linkResolver.cpp, line 815]
Event: 54.594 Thread 0x000002794086d180 Exception <a 'java/lang/NoSuchMethodError'{0x00000000eae36e58}: 'java.lang.Object java.lang.invoke.Invokers$Holder.linkToTargetMethod(java.lang.Object, java.lang.Object, int, int, java.lang.Object, java.lang.Object)'> (0x00000000eae36e58) 
thrown [s\src\hotspot\share\interpreter\linkResolver.cpp, line 815]
Event: 54.761 Thread 0x00000279c6e653a0 Exception <a 'sun/nio/fs/WindowsException'{0x00000000e7002a90}> (0x00000000e7002a90) 
thrown [s\src\hotspot\share\prims\jni.cpp, line 535]
Event: 54.763 Thread 0x00000279c6e653a0 Exception <a 'sun/nio/fs/WindowsException'{0x00000000e70c87d0}> (0x00000000e70c87d0) 
thrown [s\src\hotspot\share\prims\jni.cpp, line 535]
Event: 54.764 Thread 0x00000279c6e653a0 Exception <a 'sun/nio/fs/WindowsException'{0x00000000e6f05d08}> (0x00000000e6f05d08) 
thrown [s\src\hotspot\share\prims\jni.cpp, line 535]
Event: 55.279 Thread 0x000002794086d180 Implicit null exception at 0x0000027910afee3f to 0x0000027910b003cc
Event: 55.353 Thread 0x000002794086d180 Exception <a 'java/lang/IncompatibleClassChangeError'{0x00000000f51fc048}: Found class java.lang.Object, but interface was expected> (0x00000000f51fc048) 
thrown [s\src\hotspot\share\interpreter\linkResolver.cpp, line 882]
Event: 55.909 Thread 0x00000279c6e4adc0 Exception <a 'sun/nio/fs/WindowsException'{0x00000000f4314150}> (0x00000000f4314150) 
thrown [s\src\hotspot\share\prims\jni.cpp, line 535]
Event: 55.910 Thread 0x000002797b260600 Exception <a 'java/net/ConnectException'{0x00000000f43185c0}: Connection refused: connect> (0x00000000f43185c0) 
thrown [s\src\hotspot\share\prims\jni.cpp, line 569]
Event: 56.227 Thread 0x00000279c6e56170 Exception <a 'sun/nio/fs/WindowsException'{0x00000000f3619818}> (0x00000000f3619818) 
thrown [s\src\hotspot\share\prims\jni.cpp, line 535]
Event: 56.228 Thread 0x00000279bc1fc130 Exception <a 'java/net/ConnectException'{0x00000000f3624108}: Connection refused: connect> (0x00000000f3624108) 
thrown [s\src\hotspot\share\prims\jni.cpp, line 569]

VM Operations (20 events):
Event: 52.706 Executing non-safepoint VM operation: HandshakeAllThreads (Deoptimize)
Event: 52.706 Executing non-safepoint VM operation: HandshakeAllThreads (Deoptimize) done
Event: 52.977 Executing safepoint VM operation: G1CollectForAllocation (G1 Evacuation Pause)
Event: 53.014 Executing safepoint VM operation: G1CollectForAllocation (G1 Evacuation Pause) done
Event: 53.417 Executing safepoint VM operation: G1TryInitiateConcMark (G1 Humongous Allocation)
Event: 53.435 Executing safepoint VM operation: G1TryInitiateConcMark (G1 Humongous Allocation) done
Event: 53.725 Executing safepoint VM operation: G1PauseRemark
Event: 53.763 Executing safepoint VM operation: G1PauseRemark done
Event: 53.882 Executing safepoint VM operation: G1PauseCleanup
Event: 53.883 Executing safepoint VM operation: G1PauseCleanup done
Event: 54.506 Executing non-safepoint VM operation: HandshakeAllThreads (Deoptimize)
Event: 54.508 Executing non-safepoint VM operation: HandshakeAllThreads (Deoptimize) done
Event: 54.518 Executing non-safepoint VM operation: HandshakeAllThreads (Deoptimize)
Event: 54.518 Executing non-safepoint VM operation: HandshakeAllThreads (Deoptimize) done
Event: 54.527 Executing non-safepoint VM operation: HandshakeAllThreads (Deoptimize)
Event: 54.527 Executing non-safepoint VM operation: HandshakeAllThreads (Deoptimize) done
Event: 54.797 Executing safepoint VM operation: G1CollectForAllocation (G1 Evacuation Pause)
Event: 54.812 Executing safepoint VM operation: G1CollectForAllocation (G1 Evacuation Pause) done
Event: 55.377 Executing non-safepoint VM operation: HandshakeAllThreads (Deoptimize)
Event: 55.378 Executing non-safepoint VM operation: HandshakeAllThreads (Deoptimize) done

Memory protections (0 events):
No events

Nmethod flushes (20 events):
Event: 53.755 Thread 0x00000279717b27f0 flushing osr nmethod 0x0000027902219c88
Event: 53.755 Thread 0x00000279717b27f0 flushing  nmethod 0x000002790234f608
Event: 53.755 Thread 0x00000279717b27f0 flushing  nmethod 0x0000027902352688
Event: 53.755 Thread 0x00000279717b27f0 flushing  nmethod 0x00000279023acb88
Event: 53.755 Thread 0x00000279717b27f0 flushing  nmethod 0x00000279026f2b08
Event: 53.755 Thread 0x00000279717b27f0 flushing  nmethod 0x0000027902907e08
Event: 53.755 Thread 0x00000279717b27f0 flushing  nmethod 0x0000027902908208
Event: 53.755 Thread 0x00000279717b27f0 flushing  nmethod 0x0000027902af3808
Event: 53.755 Thread 0x00000279717b27f0 flushing  nmethod 0x0000027902c48208
Event: 53.755 Thread 0x00000279717b27f0 flushing  nmethod 0x0000027902c56088
Event: 53.755 Thread 0x00000279717b27f0 flushing  nmethod 0x0000027902c56688
Event: 53.755 Thread 0x00000279717b27f0 flushing  nmethod 0x0000027902e93808
Event: 53.755 Thread 0x00000279717b27f0 flushing  nmethod 0x0000027902e93e08
Event: 53.755 Thread 0x00000279717b27f0 flushing  nmethod 0x0000027902e94788
Event: 53.755 Thread 0x00000279717b27f0 flushing  nmethod 0x0000027902f07788
Event: 53.755 Thread 0x00000279717b27f0 flushing  nmethod 0x0000027902f08508
Event: 53.755 Thread 0x00000279717b27f0 flushing  nmethod 0x0000027902f09488
Event: 53.755 Thread 0x00000279717b27f0 flushing  nmethod 0x0000027902f09988
Event: 53.755 Thread 0x00000279717b27f0 flushing  nmethod 0x0000027902f0d308
Event: 53.755 Thread 0x00000279717b27f0 flushing  nmethod 0x0000027902f0d608

Events (20 events):
Event: 32.318 Thread 0x0000027a06f21550 Thread added: 0x0000027a06f282b0
Event: 32.319 Thread 0x0000027a06f25ba0 Thread added: 0x0000027a06f28a80
Event: 32.323 Thread 0x0000027a06f28a80 Thread added: 0x0000027a06f253d0
Event: 33.303 Thread 0x00000279d90c0650 Thread added: 0x0000027a0e34b970
Event: 33.304 Thread 0x0000027a0e34b970 Thread exited: 0x0000027a0e34b970
Event: 35.991 Loaded shared library C:\Program Files\JetBrains\PyCharm 2026.2.1\bin\WinShellIntegrationBridge.dll
Event: 36.101 Thread 0x00000279d90bb060 Thread added: 0x0000027a0e375180
Event: 38.937 Thread 0x00000279d90c0650 Thread added: 0x0000027a06f1a020
Event: 39.467 Thread 0x00000279c6e5a7c0 Thread added: 0x00000279d908d9d0
Event: 39.467 Thread 0x00000279c6e5a7c0 Thread added: 0x0000027a180365a0
Event: 39.832 Thread 0x00000279c6e56170 Thread added: 0x0000027a18035dd0
Event: 42.411 Thread 0x00000279c6386d80 Thread added: 0x0000027a18046f40
Event: 42.412 Thread 0x0000027a18046f40 Thread exited: 0x0000027a18046f40
Event: 42.486 Thread 0x00000279c6386d80 Thread added: 0x0000027a18044830
Event: 42.818 Thread 0x00000279c6386d80 Thread added: 0x0000027a1804adc0
Event: 42.819 Thread 0x0000027a1804adc0 Thread exited: 0x0000027a1804adc0
Event: 47.487 Thread 0x0000027a18044830 Thread exited: 0x0000027a18044830
Event: 50.216 Thread 0x0000027999d480f0 Thread added: 0x0000027a180624c0
Event: 50.220 Thread 0x0000027999d480f0 Thread added: 0x0000027a1805fdb0
Event: 53.949 Thread 0x0000027a06f1a020 Thread exited: 0x0000027a06f1a020


Dynamic libraries:
0x00007ff7e3d20000 - 0x00007ff7e3ea9000 	C:\Program Files\JetBrains\PyCharm 2026.2.1\bin\pycharm64.exe
0x00007ffbdf080000 - 0x00007ffbdf2e7000 	C:\WINDOWS\SYSTEM32\ntdll.dll
0x00007ffbde2a0000 - 0x00007ffbde36a000 	C:\WINDOWS\System32\KERNEL32.DLL
0x00007ffbdc780000 - 0x00007ffbdcb82000 	C:\WINDOWS\System32\KERNELBASE.dll
0x00007ffbdd1d0000 - 0x00007ffbdd2a9000 	C:\WINDOWS\System32\oleaut32.dll
0x00007ffbdc350000 - 0x00007ffbdc3f3000 	C:\WINDOWS\System32\msvcp_win.dll
0x00007ffbdcbc0000 - 0x00007ffbdcd0c000 	C:\WINDOWS\System32\ucrtbase.dll
0x00007ffbde650000 - 0x00007ffbde9d4000 	C:\WINDOWS\System32\combase.dll
0x00007ffbde3e0000 - 0x00007ffbde4f8000 	C:\WINDOWS\System32\RPCRT4.dll
0x00007ffbdde30000 - 0x00007ffbddfff000 	C:\WINDOWS\System32\user32.dll
0x00007ffbdcb90000 - 0x00007ffbdcbb7000 	C:\WINDOWS\System32\win32u.dll
0x00007ffbdd1a0000 - 0x00007ffbdd1cb000 	C:\WINDOWS\System32\GDI32.dll
0x00007ffbdc400000 - 0x00007ffbdc529000 	C:\WINDOWS\System32\gdi32full.dll
0x00007ffbdd5c0000 - 0x00007ffbddd58000 	C:\WINDOWS\System32\shell32.dll
0x00007ffbddd60000 - 0x00007ffbdde1c000 	C:\WINDOWS\System32\advapi32.dll
0x00007ffbdd0e0000 - 0x00007ffbdd189000 	C:\WINDOWS\System32\msvcrt.dll
0x00007ffbde500000 - 0x00007ffbde5a9000 	C:\WINDOWS\System32\sechost.dll
0x00007ffbdb5d0000 - 0x00007ffbdb604000 	C:\WINDOWS\SYSTEM32\userenv.dll
0x00007ffbdc6c0000 - 0x00007ffbdc76c000 	C:\WINDOWS\System32\bcryptprimitives.dll
0x00007ffbd98d0000 - 0x00007ffbd9b12000 	C:\WINDOWS\SYSTEM32\dbghelp.dll
0x00007ffbd3260000 - 0x00007ffbd3296000 	C:\WINDOWS\SYSTEM32\WINMM.dll
0x00007ffbdd410000 - 0x00007ffbdd441000 	C:\WINDOWS\System32\IMM32.DLL
0x00007ffbd9ce0000 - 0x00007ffbda58e000 	C:\WINDOWS\SYSTEM32\windows.storage.dll
0x00007ffbde040000 - 0x00007ffbde13b000 	C:\WINDOWS\System32\SHCORE.dll
0x00007ffbde370000 - 0x00007ffbde3d6000 	C:\WINDOWS\System32\shlwapi.dll
0x00007ffbdc1b0000 - 0x00007ffbdc1d9000 	C:\WINDOWS\SYSTEM32\profapi.dll
0x00007ffbdb090000 - 0x00007ffbdb0c6000 	C:\WINDOWS\SYSTEM32\ntmarta.dll
0x00007ffb6c740000 - 0x00007ffb6d695000 	C:\Program Files\JetBrains\PyCharm 2026.2.1\jbr\bin\server\jvm.dll
0x00007ffbdd4b0000 - 0x00007ffbdd530000 	C:\WINDOWS\System32\WS2_32.dll
0x00007ffbdc0f0000 - 0x00007ffbdc14e000 	C:\WINDOWS\SYSTEM32\POWRPROF.dll
0x00007ffbd4f90000 - 0x00007ffbd4f9b000 	C:\WINDOWS\SYSTEM32\VERSION.dll
0x00007ffbd0bf0000 - 0x00007ffbd0c0e000 	C:\Program Files\JetBrains\PyCharm 2026.2.1\jbr\bin\VCRUNTIME140.dll
0x00007ffbc96e0000 - 0x00007ffbc96ec000 	C:\Program Files\JetBrains\PyCharm 2026.2.1\jbr\bin\VCRUNTIME140_1.dll
0x00007ffbdc0d0000 - 0x00007ffbdc0e5000 	C:\WINDOWS\SYSTEM32\UMPDC.dll
0x00007ffbc96d0000 - 0x00007ffbc96da000 	C:\Program Files\JetBrains\PyCharm 2026.2.1\jbr\bin\jimage.dll
0x00007ffbbc6b0000 - 0x00007ffbbc6eb000 	C:\WINDOWS\SYSTEM32\dbgcore.DLL
0x00007ffbc96c0000 - 0x00007ffbc96d0000 	C:\Program Files\JetBrains\PyCharm 2026.2.1\jbr\bin\instrument.dll
0x00007ffbc96a0000 - 0x00007ffbc96b7000 	C:\Program Files\JetBrains\PyCharm 2026.2.1\jbr\bin\jli.dll
0x00007ffbc9680000 - 0x00007ffbc969f000 	C:\Program Files\JetBrains\PyCharm 2026.2.1\jbr\bin\java.dll
0x00007ffbde9e0000 - 0x00007ffbdeb79000 	C:\WINDOWS\System32\ole32.dll
0x00007ffb99e80000 - 0x00007ffb99f35000 	C:\WINDOWS\WinSxS\amd64_microsoft.windows.common-controls_6595b64144ccf1df_5.82.26100.8328_none_87eede957a2ccddd\COMCTL32.dll
0x00007ffbc9660000 - 0x00007ffbc9676000 	C:\Program Files\JetBrains\PyCharm 2026.2.1\jbr\bin\zip.dll
0x00007ffbdaf60000 - 0x00007ffbdaf7b000 	C:\WINDOWS\SYSTEM32\kernel.appcore.dll
0x00007ffbc9630000 - 0x00007ffbc9642000 	C:\Program Files\JetBrains\PyCharm 2026.2.1\jbr\bin\net.dll
0x00007ffbdb520000 - 0x00007ffbdb58c000 	C:\WINDOWS\system32\mswsock.dll
0x00007ffbc9550000 - 0x00007ffbc9566000 	C:\Program Files\JetBrains\PyCharm 2026.2.1\jbr\bin\nio.dll
0x00007ffbc9620000 - 0x00007ffbc962a000 	C:\Program Files\JetBrains\PyCharm 2026.2.1\jbr\bin\management.dll
0x00007ffbc9600000 - 0x00007ffbc960c000 	C:\Program Files\JetBrains\PyCharm 2026.2.1\jbr\bin\management_ext.dll
0x00007ffbdf030000 - 0x00007ffbdf038000 	C:\WINDOWS\System32\PSAPI.DLL
0x00007ffbb2d60000 - 0x00007ffbb2d78000 	C:\WINDOWS\system32\napinsp.dll
0x00007ffbda980000 - 0x00007ffbdaad8000 	C:\WINDOWS\SYSTEM32\DNSAPI.dll
0x00007ffbdb300000 - 0x00007ffbdb30d000 	C:\WINDOWS\SYSTEM32\DSPARSE.dll
0x00007ffbda8f0000 - 0x00007ffbda923000 	C:\WINDOWS\SYSTEM32\IPHLPAPI.DLL
0x00007ffbdd3b0000 - 0x00007ffbdd3ba000 	C:\WINDOWS\System32\NSI.dll
0x00007ffbb2a30000 - 0x00007ffbb2a43000 	C:\WINDOWS\System32\winrnr.dll
0x00007ffbb29d0000 - 0x00007ffbb29f7000 	C:\WINDOWS\system32\nlansp_c.dll
0x00007ffbd3ae0000 - 0x00007ffbd3af6000 	C:\WINDOWS\system32\wshbth.dll
0x00007ffbd4d90000 - 0x00007ffbd4d9b000 	C:\Windows\System32\rasadhlp.dll
0x00007ffbd3610000 - 0x00007ffbd3696000 	C:\WINDOWS\System32\fwpuclnt.dll
0x00007ffbc9540000 - 0x00007ffbc9550000 	C:\Program Files\JetBrains\PyCharm 2026.2.1\jbr\bin\verify.dll
0x00007ffb6c5b0000 - 0x00007ffb6c73e000 	C:\Program Files\JetBrains\PyCharm 2026.2.1\jbr\bin\awt.dll
0x00007ffba26f0000 - 0x00007ffba2765000 	C:\WINDOWS\SYSTEM32\OLEACC.dll
0x00007ffbd90b0000 - 0x00007ffbd90df000 	C:\WINDOWS\SYSTEM32\dwmapi.dll
0x00007ffb6f280000 - 0x00007ffb6f309000 	C:\Program Files\JetBrains\PyCharm 2026.2.1\jbr\bin\MSVCP140.dll
0x00007ffba86e0000 - 0x00007ffba8724000 	C:\Program Files\JetBrains\PyCharm 2026.2.1\jbr\bin\nvdaControllerClient64.dll
0x00007ffbd8bd0000 - 0x00007ffbd8c6f000 	C:\WINDOWS\SYSTEM32\apphelp.dll
0x00007ffbc9530000 - 0x00007ffbc9539000 	C:\Program Files\JetBrains\PyCharm 2026.2.1\jbr\bin\prefs.dll
0x00007ffbc2a90000 - 0x00007ffbc2a9e000 	C:\Program Files\JetBrains\PyCharm 2026.2.1\jbr\bin\sunmscapi.dll
0x00007ffbdc530000 - 0x00007ffbdc6ae000 	C:\WINDOWS\System32\CRYPT32.dll
0x00007ffbdba50000 - 0x00007ffbdba80000 	C:\WINDOWS\SYSTEM32\ncrypt.dll
0x00007ffbdba00000 - 0x00007ffbdba3f000 	C:\WINDOWS\SYSTEM32\NTASN1.dll
0x00007ffbc04e0000 - 0x00007ffbc04e8000 	C:\WINDOWS\system32\wshunix.dll
0x00007ffbd8d90000 - 0x00007ffbd8e37000 	C:\WINDOWS\system32\uxtheme.dll
0x00007ffbde140000 - 0x00007ffbde29b000 	C:\WINDOWS\System32\MSCTF.dll
0x00007ffb6f1f0000 - 0x00007ffb6f27b000 	C:\Program Files\JetBrains\PyCharm 2026.2.1\jbr\bin\freetype.dll
0x00007ffb6e8e0000 - 0x00007ffb6e9d9000 	C:\Program Files\JetBrains\PyCharm 2026.2.1\jbr\bin\fontmanager.dll
0x00007ffbd8ba0000 - 0x00007ffbd8bca000 	C:\WINDOWS\system32\Wtsapi32.dll
0x00007ffbdb220000 - 0x00007ffbdb269000 	C:\WINDOWS\SYSTEM32\SspiCli.dll
0x00007ffbdbe80000 - 0x00007ffbdbee4000 	C:\WINDOWS\SYSTEM32\WINSTA.dll
0x00007ffb20830000 - 0x00007ffb2093c000 	C:\WINDOWS\system32\opengl32.dll
0x00007ffb20370000 - 0x00007ffb2039d000 	C:\WINDOWS\SYSTEM32\GLU32.dll
0x00007ffbd9040000 - 0x00007ffbd9084000 	C:\WINDOWS\SYSTEM32\dxcore.dll
0x00007ffbba0a0000 - 0x00007ffbba0a9000 	C:\Program Files\JetBrains\PyCharm 2026.2.1\jbr\bin\extnet.dll
0x00007ffb72130000 - 0x00007ffb72179000 	C:\Program Files\JetBrains\PyCharm 2026.2.1\lib\jna\amd64\jnidispatch.dll
0x00007ffbdb810000 - 0x00007ffbdb82b000 	C:\WINDOWS\SYSTEM32\CRYPTSP.dll
0x00007ffbdaec0000 - 0x00007ffbdaef9000 	C:\WINDOWS\system32\rsaenh.dll
0x00007ffbdc180000 - 0x00007ffbdc1aa000 	C:\WINDOWS\SYSTEM32\bcrypt.dll
0x00007ffbdb830000 - 0x00007ffbdb83c000 	C:\WINDOWS\SYSTEM32\CRYPTBASE.dll
0x00007ffb52220000 - 0x00007ffb52f95000 	C:\Program Files\JetBrains\PyCharm 2026.2.1\lib\skiko-awt-runtime-all\skiko-windows-x64.dll
0x00007ffbd6800000 - 0x00007ffbd68f5000 	C:\WINDOWS\SYSTEM32\PROPSYS.dll
0x00007ffbdb890000 - 0x00007ffbdb8a3000 	C:\WINDOWS\SYSTEM32\MSASN1.dll
0x00007ffbdb5a0000 - 0x00007ffbdb5c5000 	C:\WINDOWS\SYSTEM32\gpapi.dll
0x00007ffbcd1c0000 - 0x00007ffbcd1fb000 	C:\WINDOWS\SYSTEM32\cryptnet.dll
0x00007ffbd8d70000 - 0x00007ffbd8d7e000 	C:\WINDOWS\SYSTEM32\WINNSI.DLL
0x00007ffba6be0000 - 0x00007ffba6dbb000 	C:\WINDOWS\WinSxS\amd64_microsoft.windows.gdiplus_6595b64144ccf1df_1.1.26100.9278_none_6ef80e8e3dc2abcf\gdiplus.dll
0x00007ffbb9ba0000 - 0x00007ffbb9ce2000 	C:\WINDOWS\SYSTEM32\textinputframework.dll
0x00007ffbdcdb0000 - 0x00007ffbdce5e000 	C:\WINDOWS\System32\clbcatq.dll
0x00007ffbc86a0000 - 0x00007ffbc86b2000 	C:\WINDOWS\system32\wbem\wbemprox.dll
0x00007ffbc8590000 - 0x00007ffbc860a000 	C:\WINDOWS\SYSTEM32\wbemcomn.dll
0x00007ffbc2dd0000 - 0x00007ffbc2de5000 	C:\WINDOWS\system32\wbem\wbemsvc.dll
0x00007ffbc38b0000 - 0x00007ffbc39a4000 	C:\WINDOWS\system32\wbem\fastprox.dll
0x00007ffbc0980000 - 0x00007ffbc099d000 	C:\WINDOWS\SYSTEM32\amsi.dll
0x00007ffbc08d0000 - 0x00007ffbc0974000 	C:\ProgramData\Microsoft\Windows Defender\Platform\4.18.26080.3-0\MpOav.dll
0x00007ffbd4d30000 - 0x00007ffbd4d4d000 	C:\WINDOWS\SYSTEM32\dhcpcsvc6.DLL
0x00007ffbd4630000 - 0x00007ffbd4655000 	C:\WINDOWS\SYSTEM32\dhcpcsvc.DLL
0x00007ffbd47a0000 - 0x00007ffbd48ca000 	C:\WINDOWS\System32\winhttp.dll
0x00007ffbcd470000 - 0x00007ffbcd482000 	C:\WINDOWS\System32\perfproc.dll
0x00007ffbbec30000 - 0x00007ffbbeec0000 	C:\WINDOWS\WinSxS\amd64_microsoft.windows.common-controls_6595b64144ccf1df_6.0.26100.9278_none_3e0d1ba8e3303201\comctl32.dll
0x00007ffbd73a0000 - 0x00007ffbd75d6000 	C:\WINDOWS\SYSTEM32\WindowsCodecs.dll
0x00007ffba2e60000 - 0x00007ffba2ebc000 	C:\WINDOWS\system32\dataexchange.dll
0x00007ffbce3a0000 - 0x00007ffbce5f0000 	C:\WINDOWS\system32\twinapi.appcore.dll
0x00007ffbc9790000 - 0x00007ffbc9799000 	C:\Program Files\JetBrains\PyCharm 2026.2.1\jbr\bin\syslookup.dll
0x00007ffb50ae0000 - 0x00007ffb51a77000 	C:\Users\Lenovo\AppData\Local\Temp\catboost4j-prediction916243146046419735.dll
0x00007ffbd8780000 - 0x00007ffbd88ab000 	C:\WINDOWS\SYSTEM32\CoreMessaging.dll
0x00007ffbd3b20000 - 0x00007ffbd3e04000 	C:\WINDOWS\SYSTEM32\CoreUIComponents.dll
0x00007ffbd6120000 - 0x00007ffbd628a000 	C:\WINDOWS\SYSTEM32\wintypes.dll
0x00007ffbcec60000 - 0x00007ffbcec98000 	C:\Program Files\JetBrains\PyCharm 2026.2.1\bin\WinShellIntegrationBridge.dll
0x00007ffbabbe0000 - 0x00007ffbabc97000 	C:\Windows\System32\appresolver.dll
0x00007ffbc5b90000 - 0x00007ffbc5bb1000 	C:\Windows\System32\MPR.dll
0x00007ffbbe710000 - 0x00007ffbbe76e000 	C:\Windows\System32\Bcp47Langs.dll
0x00007ffbde5d0000 - 0x00007ffbde64b000 	C:\WINDOWS\System32\coml2.dll
0x00007ffbdbdf0000 - 0x00007ffbdbe42000 	C:\WINDOWS\SYSTEM32\CFGMGR32.dll
0x00007ffbc5640000 - 0x00007ffbc581c000 	C:\Windows\System32\urlmon.dll
0x00007ffbc4fe0000 - 0x00007ffbc52a3000 	C:\Windows\System32\iertutil.dll
0x00007ffbc3870000 - 0x00007ffbc3899000 	C:\Windows\System32\srvcli.dll
0x00007ffbda8d0000 - 0x00007ffbda8dd000 	C:\Windows\System32\netutils.dll
0x00007ffbbd220000 - 0x00007ffbbd237000 	C:\WINDOWS\SYSTEM32\virtdisk.dll
0x00007ffbbd410000 - 0x00007ffbbd4d2000 	C:\Windows\System32\Windows.FileExplorer.Common.dll

JVMTI agents:
C:\Program Files\JetBrains\IntelliJ IDEA 2026.2.0.1\bin\key\ja-netfilter.jar path:C:\Program Files\JetBrains\PyCharm 2026.2.1\jbr\bin\instrument.dll, loaded, initialized, instrumentlib options:jetbrains

dbghelp: loaded successfully - version: 4.0.5 - missing functions: none
symbol engine: initialized successfully - sym options: 0x614 - pdb path: .;C:\Program Files\JetBrains\PyCharm 2026.2.1\bin;C:\WINDOWS\SYSTEM32;C:\Program Files\JetBrains\PyCharm 2026.2.1\jbr\bin\server;C:\Program Files\JetBrains\PyCharm 2026.2.1\jbr\bin;C:\WINDOWS\WinSxS\amd64_microsoft.windows.common-controls_6595b64144ccf1df_5.82.26100.8328_none_87eede957a2ccddd;C:\Program Files\JetBrains\PyCharm 2026.2.1\lib\jna\amd64;C:\Program Files\JetBrains\PyCharm 2026.2.1\lib\skiko-awt-runtime-all;C:\WINDOWS\WinSxS\amd64_microsoft.windows.gdiplus_6595b64144ccf1df_1.1.26100.9278_none_6ef80e8e3dc2abcf;C:\WINDOWS\system32\wbem;C:\ProgramData\Microsoft\Windows Defender\Platform\4.18.26080.3-0;C:\WINDOWS\WinSxS\amd64_microsoft.windows.common-controls_6595b64144ccf1df_6.0.26100.9278_none_3e0d1ba8e3303201;C:\Users\Lenovo\AppData\Local\Temp

VM Arguments:
jvm_args: abort vfprintf -XX:ErrorFile=C:\Users\Lenovo\java_error_in_pycharm_%p.log -XX:HeapDumpPath=C:\Users\Lenovo\java_error_in_pycharm.hprof -Xms256m -Xmx2048m -XX:JbrShrinkingGcMaxHeapFreeRatio=40 -XX:ReservedCodeCacheSize=512m -XX:+HeapDumpOnOutOfMemoryError -XX:-OmitStackTraceInFastThrow -XX:CICompilerCount=2 -XX:+IgnoreUnrecognizedVMOptions -XX:+UnlockDiagnosticVMOptions -XX:TieredOldPercentage=100000 -XX:+UseCompactObjectHeaders --sun-misc-unsafe-memory-access=allow -ea -Dsun.io.useCanonCaches=false -Dsun.java2d.metal=true -Djbr.catch.SIGABRT=true -Djdk.http.auth.tunneling.disabledSchemes="" -Djdk.attach.allowAttachSelf=true -Djdk.module.illegalAccess.silent=true -Djdk.nio.maxCachedBufferSize=2097152 -Djava.util.zip.use.nio.for.zip.file.access=true -Dkotlinx.coroutines.debug=off -Dskiko.rendering.useScreenMenuBar=false -Djava.nio.file.spi.DefaultFileSystemProvider=com.intellij.platform.core.nio.fs.MultiRoutingFileSystemProvider -Dwelcome.screen.defaultWidth=1000 -Dwelcome.screen.defaultHeight=720 -Dintellij.startup.wizard.initial.timeout=1 -Xms128m -Xmx1024m -XX:ReservedCodeCacheSize=512m -XX:+IgnoreUnrecognizedVMOptions -XX:+UseG1GC -XX:SoftRefLRUPolicyMSPerMB=50 -XX:CICompilerCount=2 -XX:+HeapDumpOnOutOfMemoryError -XX:-OmitStackTraceInFastThrow -ea -Dsun.io.useCanonCaches=false -Djdk.http.auth.tunneling.disabledSchemes="" -Djdk.attach.allowAttachSelf=true -Djdk.module.illegalAccess.silent=true -Dkotlinx.coroutines.debug=off -XX:ErrorFile=$USER_HOME/java_error_in_idea_%p.log -XX:HeapDumpPath=$USER_HOME/java_error_in_idea.hprof --add-opens=java.base/jdk.internal.org.objectweb.asm=ALL-UNNAMED --add-opens=java.base/jdk.internal.org.objectweb.asm.tree=ALL-UNNAMED -javaagent:C:\Program Files\JetBrains\IntelliJ IDEA 2026.2.0.1\bin\key\ja-netfilter.jar=jetbrains -Djb.vmOptionsFile=C:\Program Files\JetBrains\IntelliJ IDEA 2026.2.0.1\bin\key\vmoptions\pycharm.vmoptions -Xbootclasspath/a:C:\Program Files\JetBrains\PyCharm 2026.2.1\lib\nio-fs.jar -Djava.system.class.loader=com.intellij.util.lang.PathClassLoader -Didea.vendor.name=JetBrains -Didea.paths.selector=PyCharm2026.2 -Djna.boot.library.path=C:\Program Files\JetBrains\PyCharm 2026.2.1/lib/jna/amd64 -Djna.nosys=true -Djna.noclasspath=true -Dpty4j.preferred.native.folder=C:\Program Files\JetBrains\PyCharm 2026.2.1/lib/pty4j -Dio.netty.allocator.type=pooled -Dskiko.library.path=C:\Program Files\JetBrains\PyCharm 2026.2.1/lib/skiko-awt-runtime-all -Dintellij.platform.runtime.repository.path=C:\Program Files\JetBrains\PyCharm 2026.2.1/modules/module-descriptors.dat -Didea.platform.prefix=Python -Dsplash=true -Daether.connector.resumeDownloads=false -Dcompose.swing.render.on.graphics=true --enable-native-access=ALL-UNNAMED --add-opens=java.base/java.io=ALL-UNNAMED --add-opens=java.base/java.lang=ALL-UNNAMED --add-opens=java.base/java.lang.ref=ALL-UNNAMED --add-opens=java.base/java.lang.reflect=ALL-UNNAMED --add-opens=java.base/java.net=ALL-UNNAMED --add-opens=java.base/java.nio=ALL-UNNAMED --add-opens=java.base/java.nio.charset=ALL-UNNAMED --add-opens=java.base/java.text=ALL-UNNAMED --add-opens=java.base/java.time=ALL-UNNAMED --add-opens=java.base/java.util=ALL-UNNAMED --add-opens=java.base/java.util.concurrent=ALL-UNNAMED --add-opens=java.base/java.util.concurrent.atomic=ALL-UNNAMED --add-opens=java.base/java.util.concurrent.locks=ALL-UNNAMED --add-opens=java.base/jdk.internal.ref=ALL-UNNAMED --add-opens=java.base/jdk.internal.vm=ALL-UNNAMED --add-opens=java.base/sun.net.dns=ALL-UNNAMED --add-opens=java.base/sun.nio=ALL-UNNAMED --add-opens=java.base/sun.nio.ch=ALL-UNNAMED --add-opens=java.base/sun.nio.fs=ALL-UNNAMED --add-opens=java.base/sun.security.ssl=ALL-UNNAMED --add-opens=java.base/sun.security.util=ALL-UNNAMED --add-opens=java.desktop/com.sun.java.swing=ALL-UNNAMED --add-opens=java.desktop/java.awt=ALL-UNNAMED --add-opens=java.desktop/java.awt.dnd.peer=ALL-UNNAMED --add-opens=java.desktop/java.awt.event=ALL-UNNAMED --add-opens=java.desktop/java.awt.font=ALL-UNNAMED --add-opens=java.desktop/java.awt.image=ALL-UNNAMED --add-opens=java.desktop/java.awt.peer=ALL-UNNAMED --add-opens=java.desktop/javax.swing=ALL-UNNAMED --add-opens=java.desktop/javax.swing.plaf.basic=ALL-UNNAMED --add-opens=java.desktop/javax.swing.text=ALL-UNNAMED --add-opens=java.desktop/javax.swing.text.html=ALL-UNNAMED --add-opens=java.desktop/javax.swing.text.html.parser=ALL-UNNAMED --add-opens=java.desktop/sun.awt=ALL-UNNAMED --add-opens=java.desktop/sun.awt.datatransfer=ALL-UNNAMED --add-opens=java.desktop/sun.awt.image=ALL-UNNAMED --add-opens=java.desktop/sun.awt.windows=ALL-UNNAMED --add-opens=java.desktop/sun.font=ALL-UNNAMED --add-opens=java.desktop/sun.java2d=ALL-UNNAMED --add-opens=java.desktop/sun.swing=ALL-UNNAMED --add-opens=java.desktop/sun.swing.text=ALL-UNNAMED --add-opens=java.management/sun.management=ALL-UNNAMED --add-opens=jdk.attach/sun.tools.attach=ALL-UNNAMED --add-opens=jdk.compiler/com.sun.tools.javac.api=ALL-UNNAMED --add-opens=jdk.internal.jvmstat/sun.jvmstat.monitor=ALL-UNNAMED --add-opens=jdk.jdi/com.sun.tools.jdi=ALL-UNNAMED -Dide.native.launcher=true -Djcef.sandbox.ptr=000002796B3816A0 -Djcef.sandbox.cefVersion=122.1.9+gd14e051+chromium-122.0.6261.94 -Dsun.jnu.encoding.sys=windows-936 
java_command: com.intellij.idea.Main C:\Users\Lenovo\Desktop\项目文件\pages\4_智能推送.py
java_class_path (initial): C:\Program Files\JetBrains\PyCharm 2026.2.1\lib\platform-loader.jar;C:\Program Files\JetBrains\PyCharm 2026.2.1\lib\util-8.jar;C:\Program Files\JetBrains\PyCharm 2026.2.1\lib\util.jar;C:\Program Files\JetBrains\PyCharm 2026.2.1\lib\product-backend.jar;C:\Program Files\JetBrains\PyCharm 2026.2.1\lib\annotations.jar;C:\Program Files\JetBrains\PyCharm 2026.2.1\lib\eclipse.lsp4j.debug.jar;C:\Program Files\JetBrains\PyCharm 2026.2.1\lib\eclipse.lsp4j.jar;C:\Program Files\JetBrains\PyCharm 2026.2.1\lib\eclipse.lsp4j.jsonrpc.debug.jar;C:\Program Files\JetBrains\PyCharm 2026.2.1\lib\eclipse.lsp4j.jsonrpc.jar;C:\Program Files\JetBrains\PyCharm 2026.2.1\lib\external-system-rt.jar;C:\Program Files\JetBrains\PyCharm 2026.2.1\lib\externalProcess-rt.jar;C:\Program Files\JetBrains\PyCharm 2026.2.1\lib\fleet.andel.jar;C:\Program Files\JetBrains\PyCharm 2026.2.1\lib\fleet.bifurcan.jar;C:\Program Files\JetBrains\PyCharm 2026.2.1\lib\fleet.fastutil.jar;C:\Program Files\JetBrains\PyCharm 2026.2.1\lib\fleet.kernel.jar;C:\Program Files\JetBrains\PyCharm 2026.2.1\lib\fleet.multiplatform.shims.jar;C:\Program Files\JetBrains\PyCharm 2026.2.1\lib\fleet.openmap.jar;C:\Program Files\JetBrains\PyCharm 2026.2.1\lib\fleet.radixTrie.jar;C:\Program Files\JetBrains\PyCharm 2026.2.1\lib\fleet.reporting.api.jar;C:\Program Files\JetBrains\PyCharm 2026.2.1\lib\fleet.reporting.shared.jar;C:\Program Files\JetBrains\PyCharm 2026.2.1\lib\fleet.rhizomedb.jar;C:\Program Files\JetBrains\PyCharm 2026.2.1\lib\fleet.rhizomedb.transactor.jar;C:\Program Files\JetBrains\PyCharm 2026.2.1\lib\fleet.rhizomedb.transactor.rebase.jar;C:\Program Files\JetBrains\PyCharm 2026.2.1\lib\fleet.rpc.jar;C:\Program Files\JetBrains\PyCharm 2026.2.1\lib\fleet.rpc.server.jar;C:\Program Files\JetBrains\PyCharm 2026.2.1\lib\fleet.util.codepoints.jar;C:\Program Files\JetBrains\PyCharm 2026.2.1\lib\fleet.util.core.jar;C:\Program Files\JetBrains\PyCharm 2026.2.1\lib\fleet.util.logging.api.jar;C:\Program Files\JetBrains\PyCharm 2026.2.1\lib\fleet.util.serialization.jar;C:\Program Files\JetBrains\PyCharm 2026.2.1\lib\forms_rt.jar;C:\Program Files\JetBrains\PyCharm 2026.2.1\lib\intellij.libraries.aalto.xml.jar;C:\Program Files\JetBrains\PyCharm 2026.2.1\lib\intellij.libraries.asm.jar;C:\Program Files\JetBrains\PyCharm 2026.2.1\lib\intellij.libraries.asm.tools.jar;C:\Program Files\JetBrains\PyCharm 2026.2.1\lib\intellij.libraries.automaton.jar;C:\Program Files\JetBrains\PyCharm 2026.2.1\lib\intellij.libraries.batik.jar;C:\Program Files\JetBrains\PyCharm 2026.2.1\lib\intellij.libraries.blockmap.jar;C:\Program Files\JetBrains\PyCharm 2026.2.1\lib\intellij.libraries.bouncy.castle.pgp.jar;C:\Program Files\JetBrains\PyCharm 2026.2.1\lib\intellij.libraries.bouncy.castle.provider.jar;C:\Program Files\JetBrains\PyCharm 2026.2.1\lib\intellij.libraries.caffeine.jar;C:\Program Files\JetBrains\PyCharm 2026.2.1\lib\intellij.libraries.cglib.jar;C:\Program Files\JetBrains\PyCharm 2026.2.1\lib\intellij.libraries.classgraph.jar;C:\Program Files\JetBrains\PyCharm 2026.2.1\lib\intellij.libraries.cli.parser.jar;C:\Program Files\JetBrains\PyCharm 2026.2.1\lib\intellij.libraries.commons.cli.jar;C:\Program Files\JetBrains\PyCharm 2026.2.1\lib\intellij.libraries.commons.codec.jar;C:\Program Files\JetBrains\PyCharm 2026.2.1\lib\intellij.libraries.commons.compress.jar;C:\Program Files\JetBrains\PyCharm 2026.2.1\lib\intellij.libraries.commons.imaging.jar;C:\Program Files\JetBrains\PyCharm 2026.2.1\lib\intellij.libraries.commons.io.jar;C:\Program Files\JetBrains\PyCharm 2026.2.1\lib\intellij.libraries.commons.lang3.jar;C:\Program Files\JetBrains\PyCharm 2026.2.1\lib\intellij.libraries.commons.logging.jar;C:\Program Files\JetBrains\PyCharm 2026.2.1\lib\intellij.libraries.download.pgp.verifier.jar;C:\Program Files\JetBrains\PyCharm 2026.2.1\lib\intellij.libraries.fastutil.jar;C:\Program Files\JetBrains\PyCharm 2026.2.1\lib\intellij.libraries.gson.jar;C:\Program Files\JetBrains\PyCharm 2026.2.1\lib\intellij.libraries.guava.jar;C:\Program Files\JetBrains\PyCharm 2026.2.1\lib\intellij.libraries.hash4j.jar;C:\Program Files\JetBrains\PyCharm 2026.2.1\lib\intellij.libraries.hdr.histogram.jar;C:\Program Files\JetBrains\PyCharm 2026.2.1\lib\intellij.libraries.http.client.jar;C:\Program Files\JetBrains\PyCharm 2026.2.1\lib\intellij.libraries.icu4j.jar;C:\Program Files\JetBrains\PyCharm 2026.2.1\lib\intellij.libraries.imgscalr.jar;C:\Program Files\JetBrains\PyCharm 2026.2.1\lib\intellij.libraries.ini4j.jar;C:\Program Files\JetBrains\PyCharm 2026.2.1\lib\intellij.libraries.ion.jar;C:\Program Files\JetBrains\PyCharm 2026.2.1\lib\intellij.libraries.jackson.annotations.jar;C:\Program Files\JetBrains\PyCharm 2026.2.1\lib\intellij.libraries.jackson.databind.jar;C:\Program Files\JetBrains\PyCharm 2026.2.1\lib\intellij.libraries.jackson.dataformat.yaml.jar;C:\Program Files\JetBrains\PyCharm 2026.2.1\lib\intellij.libraries.jackson.jar;C:\Program Files\JetBrains\PyCharm 2026.2.1\lib\intellij.libraries.jackson.jr.objects.jar;C:\Program Files\JetBrains\PyCharm 2026.2.1\lib\intellij.libraries.jackson.module.kotlin.jar;C:\Program Files\JetBrains\PyCharm 2026.2.1\lib\intellij.libraries.jackson3.databind.jar;C:\Program Files\JetBrains\PyCharm 2026.2.1\lib\intellij.libraries.jackson3.dataformat.yaml.jar;C:\Program Files\JetBrains\PyCharm 2026.2.1\lib\intellij.libraries.jackson3.jar;C:\Program Files\JetBrains\PyCharm 2026.2.1\lib\intellij.libraries.jackson3.jr.objects.jar;C:\Program Files\JetBrains\PyCharm 2026.2.1\lib\intellij.libraries.jackson3.module.kotlin.jar;C:\Program Files\JetBrains\PyCharm 2026.2.1\lib\intellij.libraries.java.compatibility.jar;C:\Program Files\JetBrains\PyCharm 2026.2.1\lib\intellij.libraries.java.websocket.jar;C:\Program Files\JetBrains\PyCharm 2026.2.1\lib\intellij.libraries.javax.annotation.jar;C:\Program Files\JetBrains\PyCharm 2026.2.1\lib\intellij.libraries.jaxen.jar;C:\Program Files\JetBrains\PyCharm 2026.2.1\lib\intellij.libraries.jbr.jar;C:\Program Files\JetBrains\PyCharm 2026.2.1\lib\intellij.libraries.jcip.jar;C:\Program Files\JetBrains\PyCharm 2026.2.1\lib\intellij.libraries.jediterm.core.jar;C:\Program Files\JetBrains\PyCharm 2026.2.1\lib\intellij.libraries.jediterm.ui.jar;C:\Program Files\JetBrains\PyCharm 2026.2.1\lib\intellij.libraries.jgoodies.binding.jar;C:\Program Files\JetBrains\PyCharm 2026.2.1\lib\intellij.libraries.jgoodies.common.jar;C:\Program Files\JetBrains\PyCharm 2026.2.1\lib\intellij.libraries.jgoodies.forms.jar;C:\Program Files\JetBrains\PyCharm 2026.2.1\lib\intellij.libraries.jsch.agent.proxy.jar;C:\Program Files\JetBrains\PyCharm 2026.2.1\lib\intellij.libraries.jsonpath.jar;C:\Program Files\JetBrains\PyCharm 2026.2.1\lib\intellij.libraries.jsoup.jar;C:\Program Files\JetBrains\PyCharm 2026.2.1\lib\intellij.libraries.jsvg.jar;C:\Program Files\JetBrains\PyCharm 2026.2.1\lib\intellij.libraries.jvm.native.trusted.roots.jar;C:\Program Files\JetBrains\PyCharm 2026.2.1\lib\intellij.libraries.jzlib.jar;C:\Program Files\JetBrains\PyCharm 2026.2.1\lib\intellij.libraries.kotlin.reflect.jar;C:\Program Files\JetBrains\PyCharm 2026.2.1\lib\intellij.libraries.kotlinx.collections.immutable.jar;C:\Program Files\JetBrains\PyCharm 2026.2.1\lib\intellij.libraries.kotlinx.coroutines.core.jar;C:\Program Files\JetBrains\PyCharm 2026.2.1\lib\intellij.libraries.kotlinx.coroutines.debug.jar;C:\Program Files\JetBrains\PyCharm 2026.2.1\lib\intellij.libraries.kotlinx.coroutines.slf4j.jar;C:\Program Files\JetBrains\PyCharm 2026.2.1\lib\intellij.libraries.kotlinx.datetime.jar;C:\Program Files\JetBrains\PyCharm 2026.2.1\lib\intellij.libraries.kotlinx.html.jar;C:\Program Files\JetBrains\PyCharm 2026.2.1\lib\intellij.libraries.kotlinx.io.jar;C:\Program Files\JetBrains\PyCharm 2026.2.1\lib\intellij.libraries.kotlinx.serialization.cbor.jar;C:\Program Files\JetBrains\PyCharm 2026.2.1\lib\intellij.libraries.kotlinx.serialization.core.jar;C:\Program Files\JetBrains\PyCharm 2026.2.1\lib\intellij.libraries.kotlinx.serialization.json.jar;C:\Program Files\JetBrains\PyCharm 2026.2.1\lib\intellij.libraries.kotlinx.serialization.protobuf.jar;C:\Program Files\JetBrains\PyCharm 2026.2.1\lib\intellij.libraries.kryo5.jar;C:\Program Files\JetBrains\PyCharm 2026.2.1\lib\intellij.libraries.ktor.client.cio.jar;C:\Program Files\JetBrains\PyCharm 2026.2.1\lib\intellij.libraries.ktor.client.jar;C:\Program Files\JetBrains\PyCharm 2026.2.1\lib\intellij.libraries.ktor.io.jar;C:\Program Files\JetBrains\PyCharm 2026.2.1\lib\intellij.libraries.ktor.network.tls.jar;C:\Program Files\JetBrains\PyCharm 2026.2.1\lib\intellij.libraries.ktor.server.cio.jar;C:\Program Files\JetBrains\PyCharm 2026.2.1\lib\intellij.libraries.ktor.utils.jar;C:\Program Files\JetBrains\PyCharm 2026.2.1\lib\intellij.libraries.lz4.jar;C:\Program Files\JetBrains\PyCharm 2026.2.1\lib\intellij.libraries.markdown.jar;C:\Program Files\JetBrains\PyCharm 2026.2.1\lib\intellij.libraries.miglayout.swing.jar;C:\Program Files\JetBrains\PyCharm 2026.2.1\lib\intellij.libraries.mvstore.jar;C:\Program Files\JetBrains\PyCharm 2026.2.1\lib\intellij.libraries.netty.buffer.jar;C:\Program Files\JetBrains\PyCharm 2026.2.1\lib\intellij.libraries.netty.codec.compression.jar;C:\Program Files\JetBrains\PyCharm 2026.2.1\lib\intellij.libraries.netty.codec.http.jar;C:\Program Files\JetBrains\PyCharm 2026.2.1\lib\intellij.libraries.netty.handler.proxy.jar;C:\Program Files\JetBrains\PyCharm 2026.2.1\lib\intellij.libraries.opentelemetry.exporter.otlp.common.jar;C:\Program Files\JetBrains\PyCharm 2026.2.1\lib\intellij.libraries.opentelemetry.exporter.sender.jdk.jar;C:\Program Files\JetBrains\PyCharm 2026.2.1\lib\intellij.libraries.opentelemetry.extension.kotlin.jar;C:\Program Files\JetBrains\PyCharm 2026.2.1\lib\intellij.libraries.opentelemetry.jar;C:\Program Files\JetBrains\PyCharm 2026.2.1\lib\intellij.libraries.opentelemetry.sdk.autoconfigure.spi.jar;C:\Program Files\JetBrains\PyCharm 2026.2.1\lib\intellij.libraries.opentelemetry.semconv.jar;C:\Program Files\JetBrains\PyCharm 2026.2.1\lib\intellij.libraries.oro.matcher.jar;C:\Program Files\JetBrains\PyCharm 2026.2.1\lib\intellij.libraries.protobuf.jar;C:\Program Files\JetBrains\PyCharm 2026.2.1\lib\intellij.libraries.proxy.vole.jar;C:\Program Files\JetBrains\PyCharm 2026.2.1\lib\intellij.libraries.pty4j.jar;C:\Program Files\JetBrains\PyCharm 2026.2.1\lib\intellij.libraries.rd.core.jar;C:\Program Files\JetBrains\PyCharm 2026.2.1\lib\intellij.libraries.rd.framework.jar;C:\Program Files\JetBrains\PyCharm 2026.2.1\lib\intellij.libraries.rd.swing.jar;C:\Program Files\JetBrains\PyCharm 2026.2.1\lib\intellij.libraries.rd.text.jar;C:\Program Files\JetBrains\PyCharm 2026.2.1\lib\intellij.libraries.rhino.jar;C:\Program Files\JetBrains\PyCharm 2026.2.1\lib\intellij.libraries.semver.jar;C:\Program Files\JetBrains\PyCharm 2026.2.1\lib\intellij.libraries.snakeyaml.engine.jar;C:\Program Files\JetBrains\PyCharm 2026.2.1\lib\intellij.libraries.snakeyaml.jar;C:\Program Files\JetBrains\PyCharm 2026.2.1\lib\intellij.libraries.sshj.jar;C:\Program Files\JetBrains\PyCharm 2026.2.1\lib\intellij.libraries.stream.jar;C:\Program Files\JetBrains\PyCharm 2026.2.1\lib\intellij.libraries.swingx.jar;C:\Program Files\JetBrains\PyCharm 2026.2.1\lib\intellij.libraries.teamcity.service.messages.jar;C:\Program Files\JetBrains\PyCharm 2026.2.1\lib\intellij.libraries.velocity.jar;C:\Program Files\JetBrains\PyCharm 2026.2.1\lib\intellij.libraries.winp.jar;C:\Program Files\JetBrains\PyCharm 2026.2.1\lib\intellij.libraries.xerces.jar;C:\Program Files\JetBrains\PyCharm 2026.2.1\lib\intellij.libraries.xtext.xbase.jar;C:\Program Files\JetBrains\PyCharm 2026.2.1\lib\intellij.libraries.xz.jar;C:\Program Files\JetBrains\PyCharm 2026.2.1\lib\intellij.platform.analysis.impl.jar;C:\Program Files\JetBrains\PyCharm 2026.2.1\lib\intellij.platform.analysis.jar;C:\Program Files\JetBrains\PyCharm 2026.2.1\lib\intellij.platform.bazel.runfiles.jar;C:\Program Files\JetBrains\PyCharm 2026.2.1\lib\intellij.platform.bootstrap.jar;C:\Program Files\JetBrains\PyCharm 2026.2.1\lib\intellij.platform.builtInServer.impl.jar;C:\Program Files\JetBrains\PyCharm 2026.2.1\lib\intellij.platform.builtInServer.jar;C:\Program Files\JetBrains\PyCharm 2026.2.1\lib\intellij.platform.codeStyle.jar;C:\Program Files\JetBrains\PyCharm 2026.2.1\lib\intellij.platform.commercial.jar;C:\Program Files\JetBrains\PyCharm 2026.2.1\lib\intellij.platform.configurationStore.impl.jar;C:\Program Files\JetBrains\PyCharm 2026.2.1\lib\intellij.platform.core.impl.jar;C:\Program Files\JetBrains\PyCharm 2026.2.1\lib\intellij.platform.core.jar;C:\Program Files\JetBrains\PyCharm 2026.2.1\lib\intellij.platform.core.ui.jar;C:\Program Files\JetBrains\PyCharm 2026.2.1\lib\intellij.platform.credentialStore.impl.jar;C:\Program Files\JetBrains\PyCharm 2026.2.1\lib\intellij.platform.credentialStore.jar;C:\Program Files\JetBrains\PyCharm 2026.2.1\lib\intellij.platform.credentialStore.ui.jar;C:\Program Files\JetBrains\PyCharm 2026.2.1\lib\intellij.platform.cs.jar;C:\Program Files\JetBrains\PyCharm 2026.2.1\lib\intellij.platform.debugger.impl.jar;C:\Program Files\JetBrains\PyCharm 2026.2.1\lib\intellij.platform.debugger.impl.rpc.jar;C:\Program Files\JetBrains\PyCharm 2026.2.1\lib\intellij.platform.debugger.impl.shared.jar;C:\Program Files\JetBrains\PyCharm 2026.2.1\lib\intellij.platform.debugger.impl.ui.jar;C:\Program Files\JetBrains\PyCharm 2026.2.1\lib\intellij.platform.debugger.jar;C:\Program Files\JetBrains\PyCharm 2026.2.1\lib\intellij.platform.debugger.parallelStacks.jar;C:\Program Files\JetBrains\PyCharm 2026.2.1\lib\intellij.platform.diagnostic.telemetry.jar;C:\Program Files\JetBrains\PyCharm 2026.2.1\lib\intellij.platform.diff.impl.jar;C:\Program Files\JetBrains\PyCharm 2026.2.1\lib\intellij.platform.diff.jar;C:\Program Files\JetBrains\PyCharm 2026.2.1\lib\intellij.platform.discoverability.jar;C:\Program Files\JetBrains\PyCharm 2026.2.1\lib\intellij.platform.duplicates.analysis.jar;C:\Program Files\JetBrains\PyCharm 2026.2.1\lib\intellij.platform.editor.ex.jar;C:\Program Files\JetBrains\PyCharm 2026.2.1\lib\intellij.platform.editor.ui.jar;C:\Program Files\JetBrains\PyCharm 2026.2.1\lib\intellij.platform.eel.impl.jar;C:\Program Files\JetBrains\PyCharm 2026.2.1\lib\intellij.platform.eel.nioFs.impl.jar;C:\Program Files\JetBrains\PyCharm 2026.2.1\lib\intellij.platform.execution.impl.jar;C:\Program Files\JetBrains\PyCharm 2026.2.1\lib\intellij.platform.execution.jar;C:\Program Files\JetBrains\PyCharm 2026.2.1\lib\intellij.platform.experiment.jar;C:\Program Files\JetBrains\PyCharm 2026.2.1\lib\intellij.platform.externalProcessAuthHelper.jar;C:\Program Files\JetBrains\PyCharm 2026.2.1\lib\intellij.platform.externalSystem.dependencyUpdater.jar;C:\Program Files\JetBrains\PyCharm 2026.2.1\lib\intellij.platform.externalSystem.impl.jar;C:\Program Files\JetBrains\PyCharm 2026.2.1\lib\intellij.platform.externalSystem.jar;C:\Program Files\JetBrains\PyCharm 2026.2.1\lib\intellij.platform.feedback.jar;C:\Program Files\JetBrains\PyCharm 2026.2.1\lib\intellij.platform.graph.impl.jar;C:\Program Files\JetBrains\PyCharm 2026.2.1\lib\intellij.platform.graph.jar;C:\Program Files\JetBrains\PyCharm 2026.2.1\lib\intellij.platform.icons.impl.intellij.jar;C:\Program Files\JetBrains\PyCharm 2026.2.1\lib\intellij.platform.ide.concurrency.jar;C:\Program Files\JetBrains\PyCharm 2026.2.1\lib\intellij.platform.ide.core.jar;C:\Program Files\JetBrains\PyCharm 2026.2.1\lib\intellij.platform.ide.core.plugins.jar;C:\Program Files\JetBrains\PyCharm 2026.2.1\lib\intellij.platform.ide.designer.jar;C:\Program Files\JetBrains\PyCharm 2026.2.1\lib\intellij.platform.ide.favoritesTreeView.jar;C:\Program Files\JetBrains\PyCharm 2026.2.1\lib\intellij.platform.ide.impl.jar;C:\Program Files\JetBrains\PyCharm 2026.2.1\lib\intellij.platform.ide.initialConfigImport.jar;C:\Program Files\JetBrains\PyCharm 2026.2.1\lib\intellij.platform.ide.jar;C:\Program Files\JetBrains\PyCharm 2026.2.1\lib\intellij.platform.ide.remote.jar;C:\Program Files\JetBrains\PyCharm 2026.2.1\lib\intellij.platform.ide.ui.inspector.jar;C:\Program Files\JetBrains\PyCharm 2026.2.1\lib\intellij.platform.indexing.jar;C:\Program Files\JetBrains\PyCharm 2026.2.1\lib\intellij.platform.kernel.jar;C:\Program Files\JetBrains\PyCharm 2026.2.1\lib\intellij.platform.lang.core.jar;C:\Program Files\JetBrains\PyCharm 2026.2.1\lib\intellij.platform.lang.impl.jar;C:\Program Files\JetBrains\PyCharm 2026.2.1\lib\intellij.platform.lang.jar;C:\Program Files\JetBrains\PyCharm 2026.2.1\lib\intellij.platform.locking.impl.jar;C:\Program Files\JetBrains\PyCharm 2026.2.1\lib\intellij.platform.lsp.impl.jar;C:\Program Files\JetBrains\PyCharm 2026.2.1\lib\intellij.platform.lsp.jar;C:\Program Files\JetBrains\PyCharm 2026.2.1\lib\intellij.platform.lvcs.jar;C:\Program Files\JetBrains\PyCharm 2026.2.1\lib\intellij.platform.macro.jar;C:\Program Files\JetBrains\PyCharm 2026.2.1\lib\intellij.platform.markdown.utils.jar;C:\Program Files\JetBrains\PyCharm 2026.2.1\lib\intellij.platform.ml.jar;C:\Program Files\JetBrains\PyCharm 2026.2.1\lib\intellij.platform.polySymbols.backend.jar;C:\Program Files\JetBrains\PyCharm 2026.2.1\lib\intellij.platform.polySymbols.jar;C:\Program Files\JetBrains\PyCharm 2026.2.1\lib\intellij.platform.projectFrame.jar;C:\Program Files\JetBrains\PyCharm 2026.2.1\lib\intellij.platform.projectModel.impl.jar;C:\Program Files\JetBrains\PyCharm 2026.2.1\lib\intellij.platform.projectModel.jar;C:\Program Files\JetBrains\PyCharm 2026.2.1\lib\intellij.platform.rd.community.jar;C:\Program Files\JetBrains\PyCharm 2026.2.1\lib\intellij.platform.remote.core.jar;C:\Program Files\JetBrains\PyCharm 2026.2.1\lib\intellij.platform.remoteServers.agent.rt.jar;C:\Program Files\JetBrains\PyCharm 2026.2.1\lib\intellij.platform.remoteServers.impl.jar;C:\Program Files\JetBrains\PyCharm 2026.2.1\lib\intellij.platform.remoteServers.jar;C:\Program Files\JetBrains\PyCharm 2026.2.1\lib\intellij.platform.rpc.jar;C:\Program Files\JetBrains\PyCharm 2026.2.1\lib\intellij.platform.rpc.topics.jar;C:\Program Files\JetBrains\PyCharm 2026.2.1\lib\intellij.platform.runtime.product.jar;C:\Program Files\JetBrains\PyCharm 2026.2.1\lib\intellij.platform.scopes.jar;C:\Program Files\JetBrains\PyCharm 2026.2.1\lib\intellij.platform.statistics.config.jar;C:\Program Files\JetBrains\PyCharm 2026.2.1\lib\intellij.platform.statistics.jar;C:\Program Files\JetBrains\PyCharm 2026.2.1\lib\intellij.platform.statistics.uploader.jar;C:\Program Files\JetBrains\PyCharm 2026.2.1\lib\intellij.platform.testIntegration.jar;C:\Program Files\JetBrains\PyCharm 2026.2.1\lib\intellij.platform.testIntegration.ui.jar;C:\Program Files\JetBrains\PyCharm 2026.2.1\lib\intellij.platform.threadDumpParser.jar;C:\Program Files\JetBrains\PyCharm 2026.2.1\lib\intellij.platform.usageView.impl.jar;C:\Program Files\JetBrains\PyCharm 2026.2.1\lib\intellij.platform.usageView.jar;C:\Program Files\JetBrains\PyCharm 2026.2.1\lib\intellij.platform.util.coroutines.jar;C:\Program Files\JetBrains\PyCharm 2026.2.1\lib\intellij.platform.util.diff.jar;C:\Program Files\JetBrains\PyCharm 2026.2.1\lib\intellij.platform.util.ex.jar;C:\Program Files\JetBrains\PyCharm 2026.2.1\lib\intellij.platform.util.ui.jar;C:\Program Files\JetBrains\PyCharm 2026.2.1\lib\intellij.platform.vcs.core.jar;C:\Program Files\JetBrains\PyCharm 2026.2.1\lib\intellij.platform.vcs.jar;C:\Program Files\JetBrains\PyCharm 2026.2.1\lib\intellij.platform.vcs.shared.jar;C:\Program Files\JetBrains\PyCharm 2026.2.1\lib\intellij.platform.webide.impl.jar;C:\Program Files\JetBrains\PyCharm 2026.2.1\lib\intellij.platform.webide.jar;C:\Program Files\JetBrains\PyCharm 2026.2.1\lib\intellij.platform.welcomeScreen.impl.jar;C:\Program Files\JetBrains\PyCharm 2026.2.1\lib\intellij.platform.welcomeScreen.jar;C:\Program Files\JetBrains\PyCharm 2026.2.1\lib\intellij.pycharm.community.jar;C:\Program Files\JetBrains\PyCharm 2026.2.1\lib\intellij.pycharm.pro.jar;C:\Program Files\JetBrains\PyCharm 2026.2.1\lib\intellij.regexp.jar;C:\Program Files\JetBrains\PyCharm 2026.2.1\lib\intellij.remoteDev.util.jar;C:\Program Files\JetBrains\PyCharm 2026.2.1\lib\intellij.rml.dfa.jar;C:\Program Files\JetBrains\PyCharm 2026.2.1\lib\intellij.xml.analysis.impl.jar;C:\Program Files\JetBrains\PyCharm 2026.2.1\lib\intellij.xml.analysis.jar;C:\Program Files\JetBrains\PyCharm 2026.2.1\lib\intellij.xml.dom.impl.jar;C:\Program Files\JetBrains\PyCharm 2026.2.1\lib\intellij.xml.dom.jar;C:\Program Files\JetBrains\PyCharm 2026.2.1\lib\intellij.xml.impl.jar;C:\Program Files\JetBrains\PyCharm 2026.2.1\lib\intellij.xml.parser.jar;C:\Program Files\JetBrains\PyCharm 2026.2.1\lib\intellij.xml.psi.impl.jar;C:\Program Files\JetBrains\PyCharm 2026.2.1\lib\intellij.xml.psi.jar;C:\Program Files\JetBrains\PyCharm 2026.2.1\lib\intellij.xml.syntax.jar;C:\Program Files\JetBrains\PyCharm 2026.2.1\lib\intellij.xml.ui.common.jar;C:\Program Files\JetBrains\PyCharm 2026.2.1\lib\javax.activation.jar;C:\Program Files\JetBrains\PyCharm 2026.2.1\lib\javax.annotation-api.jar;C:\Program Files\JetBrains\PyCharm 2026.2.1\lib\jaxb-api.jar;C:\Program Files\JetBrains\PyCharm 2026.2.1\lib\jaxb-runtime.jar;C:\Program Files\JetBrains\PyCharm 2026.2.1\lib\jetbrains.intellij.deps.java.atk.wrapper.linux.jar;C:\Program Files\JetBrains\PyCharm 2026.2.1\lib\jps-model.jar;C:\Program Files\JetBrains\PyCharm 2026.2.1\lib\swingx.jar;C:\Program Files\JetBrains\PyCharm 2026.2.1\lib\trove.jar;C:\Program Files\JetBrains\PyCharm 2026.2.1\lib\util_rt.jar
Launcher Type: generic

[Global flags]
     bool AOTInvokeDynamicLinking                  = false                                  {diagnostic} {ergonomic}
     bool AOTRecordTraining                        = false                                  {diagnostic} {ergonomic}
     bool AOTReplayTraining                        = false                                  {diagnostic} {ergonomic}
     intx CICompilerCount                          = 2                                         {product} {command line}
     uint ConcGCThreads                            = 3                                         {product} {ergonomic}
    ccstr ErrorFile                                = $USER_HOME/java_error_in_idea_%p.log            {product} {command line}
     uint G1ConcRefinementThreads                  = 13                                        {product} {ergonomic}
   size_t G1HeapRegionSize                         = 1048576                                   {product} {ergonomic}
     bool HeapDumpOnOutOfMemoryError               = true                                   {manageable} {command line}
    ccstr HeapDumpPath                             = $USER_HOME/java_error_in_idea.hprof         {manageable} {command line}
     bool IgnoreUnrecognizedVMOptions              = true                                      {product} {command line}
   size_t InitialHeapSize                          = 134217728                                 {product} {command line}
     bool IntelJccErratumMitigation                = false                             {ARCH diagnostic} {ergonomic}
    uintx JbrShrinkingGcMaxHeapFreeRatio           = 40                                     {manageable} {command line}
   size_t MarkStackSize                            = 4194304                                   {product} {ergonomic}
   size_t MarkStackSizeMax                         = 536870912                                 {product} {ergonomic}
   size_t MaxHeapSize                              = 1073741824                                {product} {command line}
   size_t MaxNewSize                               = 643825664                                 {product} {ergonomic}
   size_t MinHeapDeltaBytes                        = 1048576                                   {product} {ergonomic}
   size_t MinHeapSize                              = 134217728                                 {product} {command line}
    uintx NonNMethodCodeHeapSize                   = 5832704                                {pd product} {ergonomic}
    uintx NonProfiledCodeHeapSize                  = 265486336                              {pd product} {ergonomic}
     bool OmitStackTraceInFastThrow                = false                                     {product} {command line}
    uintx ProfiledCodeHeapSize                     = 265551872                              {pd product} {ergonomic}
    uintx ReservedCodeCacheSize                    = 536870912                              {pd product} {command line, ergonomic}
     bool SegmentedCodeCache                       = true                                      {product} {ergonomic}
   size_t SoftMaxHeapSize                          = 1073741824                             {manageable} {ergonomic}
     intx SoftRefLRUPolicyMSPerMB                  = 50                                        {product} {command line}
     intx TieredOldPercentage                      = 100000                                 {diagnostic} {command line}
     bool UnlockDiagnosticVMOptions                = true                                   {diagnostic} {command line}
     bool UseCompactObjectHeaders                  = true                           {product lp64_product} {command line}
     bool UseCompressedOops                        = true                           {product lp64_product} {ergonomic}
     bool UseG1GC                                  = true                                      {product} {command line}
     bool UseLargePagesIndividualAllocation        = false                                  {pd product} {ergonomic}
      int X86ICacheSync                            = 3                                 {ARCH diagnostic} {ergonomic}

Logging:
Log output configuration:
 #0: stdout all=warning uptime,level,tags foldmultilines=false
 #1: stderr all=off uptime,level,tags foldmultilines=false

Release file:
JAVA_VERSION="25.0.3" 
MODULES="java.base java.compiler java.datatransfer java.xml java.prefs java.desktop java.instrument java.logging java.management java.security.sasl java.naming java.rmi java.management.rmi java.net.http java.scripting java.security.jgss java.transaction.xa java.sql java.sql.rowset java.xml.crypto java.se java.smartcardio jdk.accessibility jdk.internal.jvmstat jdk.attach jdk.charsets jdk.internal.opt jdk.zipfs jdk.compiler jdk.crypto.cryptoki jdk.crypto.ec jdk.crypto.mscapi jdk.dynalink jdk.hotspot.agent jdk.httpserver jdk.internal.ed jdk.internal.le jdk.internal.md jdk.internal.vm.ci jdk.javadoc jdk.jcmd jdk.jdwp.agent jdk.jdi jdk.jfr jdk.localedata jdk.management jdk.management.agent jdk.management.jfr jdk.naming.dns jdk.naming.rmi jdk.net jdk.sctp jdk.security.auth jdk.security.jgss jdk.unsupported jdk.unsupported.desktop jdk.xml.dom" 
IMPLEMENTOR="JetBrains s.r.o." 
IMPLEMENTOR_VERSION="JBR-25.0.3+9-508.16-nomod" 
JAVA_RUNTIME_VERSION="25.0.3+9-b508.16" 
LIBC="default" 
OS_ARCH="x86_64" 
OS_NAME="Windows" 
SOURCE=".:git:c624f1bd9587+" 

Environment Variables:
JAVA_HOME=C:\Program Files\Java\jdk1.8.0_151\jdk1.8.0_151
PATH=C:\Program Files\Java\jdk1.8.0_151\jdk1.8.0_151\bin;C:\Program Files\Java\jdk1.8.0_151\bin;C:\WINDOWS\system32;C:\WINDOWS;C:\WINDOWS\System32\Wbem;C:\WINDOWS\System32\WindowsPowerShell\v1.0\;C:\WINDOWS\System32\OpenSSH\;C:\Program Files\WindowsApps\PythonSoftwareFoundation.PythonManager_26.2.240.0_x64__3847v3x7pw1km;C:\Program Files\nodejs\;C:\Program Files\Git\cmd;C:\Program Files\Docker\Docker\resources\bin;C:\Users\Lenovo\AppData\Local\Microsoft\WindowsApps;C:\Program Files\Java\jdk1.8.0_151;;C:\Users\Lenovo\AppData\Local\Programs\Ollama;C:\Users\Lenovo\AppData\Roaming\npm;C:\Users\Lenovo\AppData\Local\OpenClaw\deps\portable-git\mingw64\bin;C:\Users\Lenovo\AppData\Local\OpenClaw\deps\portable-git\usr\bin
USERNAME=Lenovo
OS=Windows_NT
PROCESSOR_IDENTIFIER=AMD64 Family 25 Model 80 Stepping 0, AuthenticAMD
TMP=C:\Users\Lenovo\AppData\Local\Temp
TEMP=C:\Users\Lenovo\AppData\Local\Temp




Compilation memory statistics disabled.

Periodic native trim disabled

JNI global refs:
JNI global refs: 211, weak refs: 577

JNI global refs memory usage: 2731, weak refs: 14297

Process memory usage:
Resident Set Size: 2901660K (19% of 14513528K total physical memory with 279048K free physical memory)

OOME stack traces (most recent first):
Classloader memory used:
Loader com.intellij.util.lang.PathClassLoader                                          : 203 M
Loader com.intellij.ide.plugins.cl.PluginClassLoader                                   : 124 M
Loader bootstrap                                                                       : 60634 K
Loader jdk.internal.loader.ClassLoaders$PlatformClassLoader                            : 2002 K
Loader jdk.internal.loader.ClassLoaders$AppClassLoader                                 : 450 K
Loader sun.reflect.misc.MethodUtil                                                     : 4072 B

Classes loaded by more than one classloader:
Class com.intellij.ultimate.PluginVerifier                                            : loaded 2 times (x 73B)
Class dk.brics.automaton.Transition                                                   : loaded 2 times (x 79B)
Class dk.brics.automaton.RunAutomaton                                                 : loaded 2 times (x 85B)
Class [Ldk.brics.automaton.Transition;                                                : loaded 2 times (x 71B)
Class dk.brics.automaton.BasicAutomata                                                : loaded 2 times (x 73B)
Class dk.brics.automaton.TransitionComparator                                         : loaded 2 times (x 93B)
Class dk.brics.automaton.Automaton                                                    : loaded 2 times (x 136B)
Class dk.brics.automaton.State                                                        : loaded 2 times (x 88B)
Class dk.brics.automaton.BasicOperations                                              : loaded 2 times (x 73B)
Class dk.brics.automaton.AutomatonMatcher                                             : loaded 2 times (x 102B)

---------------  S Y S T E M  ---------------

OS:
 Windows 11 , 64 bit Build 26100 (10.0.26100.9278)
OS uptime: 1 days 6:14 hours
Hyper-V role detected

CPU: total 16 (initial active 16) (16 cores per cpu, 2 threads per core) family 25 model 80 stepping 0 microcode 0xa50000f, cx8, cmov, fxsr, ht, mmx, 3dnowpref, sse, sse2, sse3, ssse3, sse4a, sse4.1, sse4.2, popcnt, lzcnt, tsc, tscinvbit, avx, avx2, aes, erms, clmul, bmi1, bmi2, adx, sha, fma, vzeroupper, clflush, clflushopt, clwb, hv, rdtscp, rdpid, fsrm, f16c, cet_ss
Processor Information for the first 16 processors :
  Max Mhz: 2000, Current Mhz: 2000, Mhz Limit: 2000

Memory: 4k page, system-wide physical 14173M (265M free)
TotalPageFile size 39773M (AvailPageFile size 3M)
current process WorkingSet (physical memory assigned to process): 2834M, peak: 2836M
current process commit charge ("private bytes"): 2715M, peak: 2726M

vm_info: OpenJDK 64-Bit Server VM (25.0.3+9-b508.16) for windows-amd64 JRE (25.0.3+9-b508.16), built on 2026-06-22 with MS VC++ 17.14 (VS2022)

END.
